tau_h,gradient_energy_n,gradient_energy_mean_z,gradient_energy_std_z,tb_v2_intensity_n,tb_v2_intensity_mean_z,tb_v2_intensity_std_z,tb_v2_cosine_n,tb_v2_cosine_mean_z,tb_v2_cosine_std_z,tb_v1_n,tb_v1_mean_z,tb_v1_std_z,morans_i_n,morans_i_mean_z,morans_i_std_z,spatial_entropy_n,spatial_entropy_mean_z,spatial_entropy_std_z
-36,5,-1.0479292131664166,0.4746328647145334,5,-1.2617458906413694,0.3271383622334994,5,0.5669024616941662,0.6479980656326245,5,-0.9347540671098237,0.27128457123668925,5,0.38287961219870226,0.7539452799297826,5,-0.044802154832289456,0.6481609785560976
-35,5,-1.0061623896322125,0.49314150483935,5,-1.2348186574863618,0.31401294199739227,5,0.5616518609108097,0.6854932442221189,5,-1.0554908732005042,0.4992124002821906,5,0.2874795238848121,0.7997250234968646,5,-0.06122523488920101,0.6483713439170619
-34,5,-1.078887030548658,0.5641345470649106,5,-1.2880189895824143,0.5051801732517656,5,0.2352748646635267,0.7941222933286116,5,-1.0674629038713104,0.6005111738800152,5,0.246002885965605,0.8648033483190495,5,-0.15171770381990274,0.6850600918195093
-33,5,-0.9394659989447118,0.4238130406704878,5,-1.1500114966323065,0.55561846343962,5,0.5814604031317241,0.5936353030630646,5,-1.226000186061409,0.5520473003254868,5,0.10702245253230606,0.859713459839259,5,-0.4433193445027149,0.64778637541029
-32,5,-0.8348336810985229,0.37423041688689784,5,-1.0990321537500631,0.42801353694330896,5,0.6821821267772263,0.5375833128530129,5,-1.173726002319306,0.6836881113671267,5,0.10731031497563434,0.6586679882065517,5,-0.45261592571315523,0.6091510349190465
-31,5,-0.809432278490035,0.39331001740342897,5,-1.0389478506021441,0.45655906501938026,5,0.6046812628235201,0.6785290864403465,5,-1.1619544749249722,0.6870512627526828,5,0.06020452840986153,0.5786165781775556,5,-0.46977999934859127,0.5890718262680606
-30,5,-0.691249869919959,0.3555308047567099,5,-0.8962450721126614,0.20854363348499252,5,0.8175145406766589,0.4057157094490187,5,-0.8185182921833469,0.2701763025210995,5,0.2546175434823007,0.417753550184472,5,-0.5546986024886137,0.6584648235169182
-29,5,-0.653453234184083,0.3806882807390598,5,-0.773030588440721,0.2394881810459132,5,1.1036373673104811,0.38034773524850785,5,-0.6330830581548813,0.4845959804463369,5,0.34592809101703986,0.45663332481215,5,-0.5425519710873176,0.6289529560222538
-28,5,-0.4960312682394291,0.5186317367319456,5,-0.5999038077834747,0.4237774068236755,5,0.9757699296029829,0.35853552859873444,5,-0.216233041638839,0.9724895985770079,5,0.3748358172798622,0.4874260633688321,5,-0.5583902527155156,0.6004420651898585
-27,5,-0.38279723744033295,0.6466546797811062,5,-0.5080531091628083,0.5566459893714452,5,0.8015261180360802,0.3911614204908223,5,-0.24259609316152048,1.1693088551161728,5,0.44311977778841066,0.534548178214767,5,-0.5272550702087725,0.6044240575503094
-26,5,-0.17215916646747842,0.28396915816913837,5,-0.40203527840928055,0.30489973470655607,5,1.001328025507261,0.34673947501690294,5,-0.3025669609266849,0.6222953948378775,5,0.2031821955025772,0.8292743198765321,5,-0.5015081349045889,0.5743006554209255
-25,5,-0.14910546708723457,0.27531838247688983,5,-0.5030831549894914,0.17295855667475007,5,0.9398978431570353,0.36053928630374726,5,-0.3915239585190819,0.3023891258699396,5,0.14773878328046358,0.7764845951291285,5,-0.5649148216918123,0.5839465386736683
-24,5,-0.11309326484646667,0.39041904974092595,5,-0.4224059407140312,0.14587749755258564,5,0.38981568567098857,0.6079733604348084,5,-0.38888491196952735,0.2630766747848741,5,-0.013279971843776162,0.9264954739538793,5,-0.49370883670010296,0.38259257453374224
-23,5,-0.10872722894176949,0.4030970807389883,5,-0.39765960793012634,0.2796634269471565,5,0.40962429091250696,0.5183888596110605,5,-0.4228097484855409,0.6458428376173732,5,-0.15210746109260306,0.8866582467672962,5,-0.527739511826186,0.38530859654251765
-22,5,0.00531195872531891,0.4567864974435184,5,-0.13280709999387436,0.6815250662378344,5,0.21247495656803422,1.0151332300504436,5,-0.09422806142136202,1.2286475923852944,5,-0.17409177162597497,0.800301296356677,5,-0.5792371941499797,0.3837087937275972
-21,6,-0.2809166754337013,0.6992913168958848,6,-0.43628891717954454,0.8401053004071137,6,0.31156938463799405,0.4795814826300526,6,-0.3746146169360103,1.0166840281685783,6,-0.36592571028236165,0.8751462659395183,6,-0.7821998249646304,0.5487139546775524
-20,6,-0.2553341251986967,0.686344903806576,6,-0.3860485908901678,0.7405471777095392,6,0.7103038335405861,0.5832193163633876,6,-0.535135576397139,0.754628811565921,6,-0.33288124629019183,0.8512113840867218,6,-0.7772482877940349,0.539373968146516
-19,6,-0.1599839437312199,0.6732697410079168,6,-0.27056512591642196,0.6092540491261048,6,0.6390380608085418,0.40903007878811476,6,-0.3093641010047589,0.4089771226551515,6,-0.1551897879674716,0.7868914042304821,6,-0.7193657536924222,0.533882041781632
-18,6,-0.14529054017490917,0.6576748731668235,6,-0.24176725311235828,0.5811359540852469,6,0.6890443153033949,0.2898683502121526,6,-0.26934717396644914,0.41033741221153497,6,-0.14750100820501397,0.8056546762828147,6,-0.7054632801007866,0.5338040058205448
-17,6,-0.12294944880486429,0.6748867886374438,6,-0.23337233301608007,0.5536559163330286,6,0.5239388536617907,0.3591739352339457,6,-0.21484721104261692,0.4683572755492102,6,-0.16971205441725856,0.7933688639007338,6,-0.7734922252136177,0.45256283424040855
-16,6,-0.09848985733513742,0.7091029004458542,6,-0.15425811138390796,0.6572036311533009,6,0.4375728364116563,0.45156608764860434,6,-0.2884313720739497,0.6313038447650813,6,-0.1443865915672017,0.9358585201128315,6,-0.21179774641072854,0.7784299003540848
-15,6,-0.04627670263754106,0.7409670014794899,6,-0.19033237786147184,0.6126768089562877,6,0.41673439946944574,0.47550345255230153,6,-0.27220708552101,0.6041036769175065,6,-0.26966307927103395,0.9043825693196135,6,-0.23343970501388078,0.7902795918165572
-14,6,-0.02358881574612774,0.7566909111695784,6,-0.12307495511844589,0.6860657218584525,6,0.6742604184325823,0.3604706487361881,6,-0.3435147112589463,0.5689852380751634,6,-0.23664507689306633,0.9463470977199181,6,-0.2352347284580453,0.7911101556023978
-13,6,0.0258482820876544,0.7631835386869468,6,-0.14563550551863907,0.6484048040232399,6,0.7721513566512966,0.10326882565097688,6,-0.22256041951614627,0.6145484513058211,6,-0.17218311197237066,0.9103744711128633,6,-0.18601425328766155,0.8941462649894003
-12,6,0.06021714291551269,0.7777263010952726,6,-0.1029496414971023,0.6818246913246477,6,0.9441387669630785,0.3312989689308227,6,-0.17385822187085664,0.6194588085668008,6,-0.1649753930464762,0.9216787376750988,6,-0.19820617216931732,0.9006449401659825
-11,6,0.07908399340299953,0.7610093828603022,6,-0.11232493262536568,0.6122133126622672,6,0.8386141402709123,0.09893099087262805,6,-0.14809538005679693,0.5183098511714914,6,-0.0710463447468274,0.6698186455280061,6,-0.7164957128140893,0.4436899725160447
-10,6,0.08566559853384671,0.8226904647049815,6,0.07612799350871151,0.7593110800441984,6,0.005378248082873349,1.029063903537056,6,-0.08339516668101198,0.5327853463833517,6,0.03304254657165534,0.7065408711640351,6,-0.691806090129619,0.46340998894758656
-9,6,0.07609814238210877,0.8019531142203166,6,-0.021943813689595092,0.6018424229552796,6,0.14879992349933494,0.8811186070169242,6,-0.09541321423917265,0.5353676655798821,6,0.039511547935864255,0.719812818903713,6,-0.6872430744479493,0.4603926438701045
-8,6,0.168417022407934,0.8986597432732633,6,0.17295578096984923,0.8290440774753038,6,-0.15141695430766297,1.1379360095663804,6,0.08658522826507942,0.6552717713162386,6,-0.005203447514960065,0.6976547815681678,6,-0.7082399850799019,0.47587333509847923
-7,6,0.32989466753584035,0.9026448117162417,6,0.22915307227487122,0.7335668092453316,6,-0.09753402542519331,0.9050368084587719,6,0.1178388058547181,0.6069002131246506,6,-0.11043916296513706,0.729226711579421,6,-0.3383264721987868,0.6620053917400933
-6,6,0.3724630373615229,0.9714553792923359,6,0.30367552141310444,0.8801680224390297,6,0.2259335887242042,0.7527147786379483,6,0.17718094731732292,0.7053248449089178,6,-0.159578392258075,0.7218844622846242,6,-0.3607946556526349,0.6869455527408431
-5,6,0.3236377714133721,0.9486464909370149,6,0.25947338010979776,0.8159759907410956,6,-0.14532943053345085,1.0075362114901507,6,0.17027978046781245,0.7009456393022735,6,-0.14566187671660205,0.7024404393495586,6,-0.35854476296208376,0.6813853631874084
-4,6,0.37855758139726176,0.9647225059815562,6,0.3056079768573711,0.8276266960356836,6,-0.07310106361210911,0.9069027352140894,6,0.11332757954692746,0.6687398359349092,6,-0.1687430117307813,0.7199658813619579,6,-0.31509747902050417,0.7356546291561158
-3,6,0.47571376833041684,0.9842842282461923,6,0.41385439839410026,0.8497130377762333,6,0.1113820583588589,0.5742372915943729,6,0.32725983409946896,0.7921832619015275,6,-0.1108330597810756,0.818622255811635,6,-0.009594795933655531,1.2331674847874747
-2,6,0.559272833664845,0.8005731241971282,6,0.3943218366014325,0.7321011009249146,6,0.22017305564920261,0.6634331914967048,6,0.5964193234105699,0.9848687487879408,6,0.11238544898544489,0.6465900631957368,6,0.003539120001131139,1.2261519107316268
-1,6,0.41917646274507153,0.7229148878762887,6,0.33544131790595727,0.724245285632189,6,0.34745455081059945,0.6928576875310605,6,0.4926253706009602,0.8563905227960706,6,0.04149737187327399,0.7246900364284512,6,0.012897341997422465,1.2137787525503416
0,6,0.6657852583758139,0.9246926970181558,6,0.5711266104654541,0.9141986184948168,6,0.445794330723841,0.4354237743491202,6,0.8873537732154885,1.2578847372749227,6,0.030633054180989938,0.8428456789013328,6,0.04325672925784363,1.3759007801237815
1,5,0.7340192686298409,0.91085748665586,5,0.3760933565503121,0.6123794020822079,5,0.7505572378522195,0.4547011307173445,5,0.6665021771017307,1.0076678832201427,5,-0.23211624992806631,0.6734979810899013,5,-0.4839916977180265,0.7205288074493492
2,5,0.5413812217768383,0.446255069515871,5,0.28397161491793627,0.4020378476707662,5,0.4357020881954945,0.6848762835637452,5,0.6541363350064854,0.9635825115168014,5,-0.4789044786021274,0.9592017717042657,5,-0.40678057582587757,0.6207062358324286
3,5,0.43189418235039667,0.30788909986890234,5,0.19258356766654777,0.28544728143740544,5,0.4989063613862079,0.6809483728968174,5,0.46357528622599453,0.5857625270685074,5,-0.45317632312375256,0.9224586022928006,5,-0.34433674741973314,0.5525747786537611
4,5,0.34106863439068263,0.2720022401996746,5,0.13429026078647435,0.29570407499264717,5,-0.02598640807710098,0.42213215074613725,5,0.24844018986324218,0.5542140678781761,5,-0.5493097106049802,0.9441890525487253,5,-0.28304585116057535,0.49264660213027567
5,5,0.32184235600561356,0.3339189353254011,5,0.16477301227458804,0.28417719480515763,5,0.13527762534727375,0.5343863527563154,5,0.1810070931614061,0.436266895527892,5,-0.5842902300035969,0.9661723532191193,5,-0.21116580471795982,0.44703488564175436
6,5,0.2869960346813769,0.3917199170492913,5,0.16671210327205965,0.3145945766655602,5,-0.06450746991100711,0.30455847939358216,5,0.2119794324299286,0.46844917993069163,5,-0.6254448282954096,1.0235595295715678,5,-0.17447473032484906,0.428616583849161
7,5,0.3715550692227014,0.5080871026535431,5,0.1997725295389303,0.5074466882094937,5,0.5919370044072403,1.0878088113899074,5,0.24708726929995722,0.4539017928861013,5,-0.7122471447658689,1.0603284980662893,5,-0.11261863380523937,0.43182812571622337
8,5,0.3228317841012192,0.5312773736335065,5,0.10875096553437473,0.6526012750627932,5,0.16405443520967072,0.16056733455808256,5,0.22156181797182498,0.5058790854994563,5,-0.46560146108382766,0.7567692776406586,5,-0.08444709419418403,0.4067462232548127
9,5,0.33923160379950545,0.5662922820453136,5,0.11060882396424228,0.7205089554099431,5,0.08431839488319416,0.2271483989595787,5,0.18465849426341036,0.5409621012457442,5,-0.4609079758978883,0.7384582671177912,5,-0.06977655385742883,0.40340221000997745
10,5,0.3198689543589015,0.5968065193210416,5,0.15724851390568198,0.7113055871338057,5,0.0294691768669152,0.21851391510009607,5,0.21393475321948657,0.5701958938895045,5,-0.391960957264259,0.80432165783185,5,-0.05162774221481005,0.39718672554620843
11,5,-0.012748796411833319,1.043519706380244,5,0.08236982793743515,0.8538971243363146,5,-0.14201003118971683,0.3652423035923773,5,0.11154780726850252,0.7049640944834132,5,0.003428461436469471,0.9727784402530169,5,-0.015666427572322693,0.38512759591321316
12,5,0.038619483391287054,1.0558664733138527,5,0.17310996484602487,0.8404202282861838,5,0.03299838642400964,0.4159739937007107,5,0.2625758474925621,0.6786312875674404,5,0.053554396157667626,0.8879007924191822,5,0.020508697479958427,0.380221143670777
13,5,0.07426245534854371,1.1155070194559014,5,0.19131935026984676,0.9355885108779228,5,0.08070873372612866,0.43727892214527025,5,0.32178401463977674,0.7280298980609423,5,0.11506895846738803,0.7935863536041741,5,0.08262627861378055,0.3962325265313472
14,5,0.16844042921226426,1.1313511836906835,5,0.43026638522184035,0.8442088103004647,5,0.1050764145106707,0.6520048006892382,5,0.3479352842925223,0.7949328103002845,5,0.10797154445757336,0.8001729531899805,5,0.031357383742278845,0.3655901599079285
15,5,0.5074125396238023,1.397830082948097,5,0.7685644234631495,1.1671201335463455,5,-0.045992862591531944,1.0184459211296373,5,0.5783828924839963,1.2431663070089687,5,0.12450651125373935,0.717213039563379,5,0.11064713599866198,0.3871527325903768
16,5,0.5528086451856147,1.4346285324255938,5,0.8575062795007021,1.1874178822371368,5,-0.473618395865365,0.8995623469907056,5,0.6396695224102564,1.266231461369221,5,0.046844201011539396,0.8026282466164637,5,0.0938787562784001,0.37313172544792245
17,5,-0.35833668429234466,1.0182822208278302,5,0.020513073144167126,0.9169605326041294,5,-0.3614933705893346,0.5064025285656526,5,-0.14324434617114443,0.9225418444167849,5,0.7539581976131925,1.1374697249422618,5,0.5123889549486704,0.9140209329626732
18,5,-0.34912563776922545,1.0762993926749873,5,0.07516898705333133,0.9674149820019263,5,-0.7607713283717805,0.24216982451629776,5,0.09131999484577966,1.0061294585483795,5,0.8484992522955892,1.1879940812277459,5,0.48383298742906905,0.9295629698952272
19,5,-0.3051606687794711,1.138619428180075,5,0.08863954157380331,1.012303075062166,5,-0.8068073304423493,0.6067317874676972,5,0.14169146423083184,1.0747750263392823,5,0.863699755961281,1.1948538179925141,5,0.5238102016590009,0.8966718979236011
20,5,-0.2567641274215884,1.1323556435039075,5,0.11645815735745546,0.9998433033320558,5,-0.25227729999797477,0.7425781870896618,5,0.27264657220140215,1.1371687655375282,5,0.9061281391526818,1.0956011138092978,5,0.5849375095961492,0.8709131804587225
21,5,-0.20512517219552762,1.0929475059856237,5,0.15886315052528396,0.9788373499681768,5,-0.620575756887398,0.17258511310153835,5,0.07625690791442352,1.1012889424159646,5,0.5200976865625624,0.6818574722905724,5,0.6401806066784183,0.8369800661594401
22,5,-0.14431543156625298,1.0830175871943508,5,0.18145790892429087,0.9655967438699055,5,-0.6122768898978135,0.38691311870926515,5,0.025459838794787658,1.1361032203818022,5,0.26213416514672516,0.7140471660370507,5,0.4655783131090766,0.4682927965447095
23,5,0.2634871699538329,0.8574157315863025,5,0.5471502656856535,0.6351499085214617,5,-0.7159142594599219,0.41800204483201814,5,0.4491331681740216,0.6617079451113265,5,0.290383718852168,0.6319861983293582,5,0.3720789824726075,0.43906480377006407
24,5,-0.09169499180940037,1.1318496633359507,5,0.09866528667777348,1.137992464027982,5,-0.4055203575954073,0.4604848825728411,5,0.12431322612828084,1.2031823385728602,5,0.3167005673799513,0.6267642297261432,5,0.5219508251992082,0.47095661732210176
25,5,0.29718301438672945,0.91267491809077,5,0.5594151215074635,0.764945973466376,5,-0.7635701974794538,0.4645995901879227,5,0.5499977531188271,0.6766100954787987,5,0.3203498239967301,0.6353024260344508,5,0.4431262843728744,0.4647809216886992
26,5,0.402783308268263,0.9002241571459224,5,0.8706163154192801,0.49376101712560977,5,-1.1096889965711545,0.6297325635626798,5,0.6169396491178276,0.7454675074352455,5,0.28971181582467537,0.6699904253470569,5,0.39905815284263946,0.41292442999635276
27,5,0.4805648202960384,0.8647164883097019,5,0.9125369342778189,0.5587283630660246,5,-1.389273667860936,0.516581985374935,5,0.5987519305748675,0.8406912711323379,5,0.3642938222886285,0.612552217382228,5,0.4402867012399165,0.42283180303426593
28,5,0.44038102933631357,0.889586567417526,5,0.8610974670901121,0.6837295039754224,5,-0.8185450939478288,0.7626576517176732,5,0.6244171398658743,0.9547062170205998,5,0.34617098731882784,0.6113647201467785,5,0.5251553229950299,0.47406529126622626
29,5,0.5384848155358691,0.9185502979746021,5,0.9666095245352715,0.6000930953202231,5,-1.1844265265687868,0.4032378335206347,5,0.5960193744031568,1.0163507573058925,5,-0.007468759916892764,1.2468026530453786,5,0.5534206267058746,0.4937802747841084
30,5,0.6532907476884147,0.9646764757301455,5,1.0448668982398936,0.7721482419757824,5,-1.1729977119081814,0.6240363811647548,5,0.7336221759537654,1.0351621699322815,5,-0.200160162310239,1.5522350502758637,5,0.6283491658162177,0.5370203014720577
31,5,0.21921689693311439,1.2280423995750274,5,0.5363954620565187,1.271882693290861,5,-1.316281826306502,0.725993812698312,5,0.40259402387887633,1.3590390298447093,5,-0.05188436332723623,1.1815971973080783,5,0.6814361274402925,0.5993090654432923
32,5,-0.5821897750096781,1.2422850432099444,5,-0.11140193517173022,1.464205849864614,5,-1.8467816240515191,1.2637919850690302,5,-0.2032326699541036,1.3286725044705323,5,-0.18345205911336268,1.8682900964016413,5,2.044977246557472,0.9757085711653068
33,5,-0.43136541776460735,1.4195215138751347,5,-0.002443524515349438,1.6266164608636706,5,-1.8838697171709278,1.2751082946345964,5,-0.012961409414744818,1.4575425881586563,5,-0.2122483370384046,1.8635797157378842,5,2.1766123913094875,0.944271301895826
34,5,-0.47812176926237654,1.5154573956313857,5,-0.14697179423471646,1.8321946138503937,5,-2.1983276508704415,0.7219150912339096,5,0.0027573046866396387,1.521508053085264,5,-0.22042653511196947,1.8428466604250104,5,2.2598857524477958,0.8798956665233801
35,5,-0.21698846903594315,2.0776359915634903,5,-0.07507544882786314,2.253711306585648,5,-1.68370091090883,0.7766038941358758,5,0.014313075903127803,1.9330427954391693,5,0.03712936225550294,1.6290863434450342,5,2.3477606232689627,0.8028409211675838
36,5,-0.20207389706733622,2.099511943268679,5,-0.16451526956734538,2.4110399722537688,5,-1.7314126894702944,0.5156982320946556,5,0.04855557190834432,1.949316907327392,5,-0.1536760495058612,1.956626310766125,5,2.506245766393232,0.9024315788617548
