Transformation,TB-v1,TB-v2,Moran I
Rotation 0°,0.9854815365637459,0.9932762318441529,0.9580355099580411
Rotation 45°,0.9853680191996836,0.9875652011222377,0.9595480935665613
Rotation 90°,0.9854815365637459,0.9932762318441529,0.958035509958041
Rotation 135°,0.9853680191996836,0.9875652011222376,0.9595480935665615
Rotation 180°,0.9854815365637459,0.9932762318441529,0.9580355099580411
"Shift (0, 0)",0.9854815365637459,0.9932762318441529,0.9580355099580411
"Shift (5, 5)",0.9854816345992109,0.9861449459768522,0.9580355037022364
"Shift (10, -10)",0.9854816209418756,0.9860177114961286,0.9580354250137609
"Shift (-15, 5)",0.985481612990772,0.9860863938392904,0.958035273191196
