system_id,cohort_id,cohort_name,system_class,feature_sha256,wind_speed_min,wind_speed_p05,wind_speed_p25,wind_speed_median,wind_speed_mean,wind_speed_p75,wind_speed_p95,wind_speed_max,wind_speed_std,vorticity_min,vorticity_p05,vorticity_p25,vorticity_median,vorticity_mean,vorticity_p75,vorticity_p95,vorticity_max,vorticity_std,divergence_min,divergence_p05,divergence_p25,divergence_median,divergence_mean,divergence_p75,divergence_p95,divergence_max,divergence_std,strain_normal_min,strain_normal_p05,strain_normal_p25,strain_normal_median,strain_normal_mean,strain_normal_p75,strain_normal_p95,strain_normal_max,strain_normal_std,strain_shear_min,strain_shear_p05,strain_shear_p25,strain_shear_median,strain_shear_mean,strain_shear_p75,strain_shear_p95,strain_shear_max,strain_shear_std,okubo_weiss_min,okubo_weiss_p05,okubo_weiss_p25,okubo_weiss_median,okubo_weiss_mean,okubo_weiss_p75,okubo_weiss_p95,okubo_weiss_max,okubo_weiss_std
CTRL_2023_ATL_01,G,Quiescent Background Controls,RANDOM,745b27488e0f38cdceaec6e5ff436bdff91e6ec454db606c9cd546f720555372,0.12765388190746307,2.186272382736206,4.288614273071289,6.180475234985352,6.143113613128662,7.755915641784668,10.300358772277832,16.567127227783203,2.558021068572998,-5.9558358771028e-05,-2.3250171580002643e-05,-1.0145394298888277e-05,-3.1141967156145256e-06,6.17303214767162e-07,7.273737082869047e-06,2.8867183573311195e-05,0.0002724316727835685,2.2346735931932926e-05,-9.519196464680135e-05,-1.901752875710372e-05,-6.114742973295506e-06,7.586785386592965e-07,1.907687590119167e-07,7.450982593582012e-06,1.812402842915617e-05,6.763235433027148e-05,1.2288845937291626e-05,-8.706245716894045e-05,-2.7877842512680218e-05,-1.0652338460204192e-05,-3.804241544003162e-07,-7.719246042370287e-08,9.68883978202939e-06,3.0507701012538746e-05,0.00010672945063561201,1.895007699204143e-05,-0.00010980600927723572,-2.915169534389861e-05,-1.1055002687498927e-05,-1.6778344615886454e-06,-1.8724293795457925e-06,6.851072612334974e-06,2.5635161364334635e-05,9.800624684430659e-05,1.7800679415813647e-05,-7.400363699616719e-08,-3.1163893687846667e-10,4.33207332853347e-12,1.3493925421492747e-10,1.7972394406040593e-10,4.4943904153882386e-10,2.017416012023432e-09,1.6156297633074246e-08,2.949533062235332e-09
CTRL_2023_IND_01,G,Quiescent Background Controls,RANDOM,21766c81ec615ae92eb67960fef4d661aae9f0b8189eef812f0238a307942f8f,0.04934319853782654,2.673381805419922,6.276777267456055,8.098495483398438,7.592123508453369,9.3352632522583,10.770718574523926,13.316534996032715,2.402946949005127,-0.00011484201968414709,-2.4641545678605326e-05,-3.3092446756199934e-06,3.840242243313696e-06,2.748866336332867e-06,1.2152185263403226e-05,2.4934339307947084e-05,4.957166311214678e-05,1.6295785826514475e-05,-7.375724817393348e-05,-2.1418945834739134e-05,-6.181384833325865e-06,1.7001895002977108e-06,4.6742178483327734e-07,7.939238457765896e-06,1.8805158106260933e-05,5.7461813412373886e-05,1.2388321010803338e-05,-4.392183473100886e-05,-1.782443177944515e-05,-7.1438080340158194e-06,-1.1739698493329342e-06,9.990876606025267e-07,6.998732715146616e-06,2.45348819589708e-05,0.0001225197484018281,1.4648503565695137e-05,-9.391737694386393e-05,-3.000471588165965e-05,-1.5288687791326083e-05,-3.8207790566957556e-06,-5.043421879236121e-06,4.513233761826996e-06,1.9537705156835727e-05,6.254979962250218e-05,1.5520525266765617e-05,-7.031324411599371e-09,-3.4606620347155115e-10,-1.2981030313163888e-11,9.453119537150556e-11,2.0879074857926838e-10,3.404718174060406e-10,1.25044041787703e-09,5.172034800438041e-09,6.151119058550591e-10
CTRL_2023_PAC_01,G,Quiescent Background Controls,RANDOM,30f99dda5dac182bc458142de61351b3760fd58239c9d8d72329bc218dd7acad,0.12844252586364746,3.4922025203704834,5.219466209411621,5.952190399169922,6.1002373695373535,6.673404216766357,8.861245155334473,22.281375885009766,1.919174313545227,-0.00019423039339017123,-1.5990613974281587e-05,-7.912722139735706e-06,-2.847144514817046e-06,-2.3787686487253268e-08,3.530858748490573e-06,2.0582017896231264e-05,0.0008307627867907286,2.482356285327114e-05,-0.00029821187490597367,-2.2018786694388837e-05,-6.47874730930198e-06,1.106362788050319e-06,-1.822630935066627e-07,7.974044820002746e-06,1.874771260190755e-05,0.00010503891098778695,1.577815601194743e-05,-0.0002593573881313205,-2.0095478248549625e-05,-6.71854468237143e-06,1.2424753776940634e-06,1.8606009462018847e-06,9.449760000279639e-06,2.9071923563606106e-05,0.00025628000730648637,2.1720270524383523e-05,-0.0002487901074346155,-2.047749876510352e-05,-5.845290615980048e-06,1.4995219999036635e-06,1.4529575764754554e-06,9.121030416281428e-06,2.2998823624220677e-05,0.00026112244813703,1.96873297682032e-05,-6.592367753910366e-07,-1.6722807860691802e-10,1.0342989485712106e-11,1.0757281870832358e-10,2.4872418014076914e-10,3.0977848064495106e-10,1.8500102560992104e-09,6.567968569015648e-08,1.2730269283167672e-08
TC_2023_2023036S12117,A,Strong Tropical Cyclones,TC,aff83400fdbfe388428750e40a25080e50e3f8d9ac6e70f408fc1140415c4f68,0.025611890479922295,1.8172950744628906,3.7846100330352783,5.8642354011535645,6.053713798522949,7.961312770843506,10.902290344238281,26.46758460998535,3.029531240463257,-0.0011234850389882922,-2.567056435509585e-05,-6.2051130953477696e-06,5.473579676618101e-06,2.3893458092061337e-06,1.370111476717284e-05,2.664346175151877e-05,0.00020041958487126976,3.098597517237067e-05,-0.0004000247281510383,-2.596697595436126e-05,-9.64898026722949e-06,-3.674160211630806e-07,-1.4742498706254992e-06,8.375247489311732e-06,2.2619789888267405e-05,8.106454333756119e-05,1.9165330741088837e-05,-0.0003687182907015085,-2.8307895263424143e-05,-1.0361803106206935e-05,-2.774048653009231e-07,-1.240710503225273e-07,1.0387078873463906e-05,2.905857218138408e-05,0.00036850341712124646,2.6236790290568024e-05,-0.00034566308022476733,-2.755265995801892e-05,-1.136838000093121e-05,-4.464873484266718e-07,7.004906024121738e-07,1.202891598950373e-05,3.2779302273411304e-05,0.0003750851610675454,2.521713395253755e-05,-1.2587150877152453e-06,-4.918675466925038e-10,-2.2216522024831598e-11,1.8072562890658617e-10,3.589393782199579e-10,5.531910485245817e-10,2.5299855543892136e-09,1.3022723521771695e-07,2.0669835620878985e-08
TC_2023_2023096S07135,A,Strong Tropical Cyclones,TC,e204543fbc820c3ee726083805e5995c6dd449b00835020cf0173cb35f89e1a8,0.09883680939674377,1.5609365701675415,3.424797773361206,5.622892379760742,6.499209403991699,9.196818351745605,14.51982307434082,24.16129493713379,3.9768450260162354,-0.0009296871139667928,-3.88336629839614e-05,-1.0705643944675103e-05,5.582587618846446e-07,-2.5712161004776135e-06,9.899221367959399e-06,2.6542358682490885e-05,0.000118060881504789,3.1785260944161564e-05,-0.00021597067825496197,-4.5876295189373195e-05,-1.1379349416529294e-05,5.465523145176121e-07,-1.5119851468625711e-06,1.2086124115739949e-05,3.389971607248299e-05,0.00017383703379891813,2.5891260520438664e-05,-0.0002947920293081552,-4.214345244690776e-05,-1.3717051842832007e-05,7.227823175526282e-07,-7.188316430983832e-07,1.3452864550345112e-05,3.593722794903442e-05,0.00027171766851097345,2.828616925398819e-05,-0.000338015059242025,-4.486198668018915e-05,-1.7997470422415063e-05,-4.025121597805992e-06,-3.6487524539552396e-06,9.727706128614955e-06,4.0877181163523346e-05,0.00019884746870957315,3.070195816690102e-05,-8.508762334713538e-07,-4.911628881387742e-10,6.480832537292258e-11,3.63885421794663e-10,7.396337986520507e-10,1.0655287763228216e-09,4.332660896722018e-09,1.2891355538613425e-07,1.4740925813327976e-08
TC_2023_2023129N08091,A,Strong Tropical Cyclones,TC,a49375676a6c8a39a5141390b5de0e784927036c53b6c7e9d7f6b11f19b726dd,0.027328111231327057,0.6076431274414062,1.33696448802948,2.4401934146881104,4.610779285430908,7.71223258972168,12.703420639038086,33.056785583496094,4.588585376739502,-0.00022015230206307024,-3.364540680195205e-05,-9.948360457201488e-06,-1.1640759112196974e-06,1.1779513897636207e-06,8.298168722831178e-06,3.9219012251123786e-05,0.0012341287219896913,3.93411100958474e-05,-0.000492108054459095,-4.7408662794623524e-05,-1.4270105566538405e-05,-1.57590605454061e-07,-1.5841311551412218e-06,1.3011300325160846e-05,4.4639153202297166e-05,0.00020144795416854322,3.257527350797318e-05,-0.00037417368730530143,-4.6049794036662206e-05,-1.6055988453445025e-05,-2.278449301229557e-06,-8.055853299993032e-07,1.2674674508161843e-05,4.662350329454057e-05,0.00048662599874660373,3.5528504668036476e-05,-0.0003542167250998318,-5.146931289345957e-05,-1.4010263839736581e-05,-3.079993007304438e-07,-8.439803877990926e-07,1.378867182211252e-05,4.5129858335712925e-05,0.000404598715249449,3.649781865533441e-05,-1.511004256826709e-06,-4.806819386971029e-10,7.440806304437331e-11,3.788647451319349e-10,1.0466160160760296e-09,1.255775039510354e-09,5.782555323463612e-09,2.237758423007108e-07,2.69095341565162e-08
TC_2023_2023138N05151,A,Strong Tropical Cyclones,TC,0801087f0c43d163bebde878f963c99efa500b3ffc73059f9bc2d732d1ded169,0.07233192026615143,2.064394950866699,6.246444225311279,8.16153335571289,8.045248031616211,9.908342361450195,12.511326789855957,32.47658920288086,3.39847731590271,-0.00012878567213192582,-2.296181264682673e-05,-8.18195712781744e-06,-2.3494096978993184e-07,2.073231144095189e-06,8.645885827718303e-06,2.9710450689890422e-05,0.0012282665120437741,3.373245635884814e-05,-0.00046894734259694815,-2.614135155454278e-05,-1.011248241411522e-05,-8.174893650902959e-07,-1.4145039131108206e-06,8.53360597830033e-06,2.3590668206452392e-05,0.0001102275782614015,2.1016629034420475e-05,-0.0004706874897237867,-3.07452428387478e-05,-1.458014412492048e-05,-2.4734067665121984e-06,-1.5009427443146706e-06,9.987125849875156e-06,3.4450655221007764e-05,0.0004140618839301169,2.8565787943080068e-05,-0.00042191980173811316,-3.367353565408848e-05,-1.3929432498116512e-05,-3.904018740286119e-06,-2.874703341149143e-06,7.496516900573624e-06,3.111103069386445e-05,0.00039495789678767323,2.769058664853219e-05,-1.5068308130139485e-06,-3.0305091769378123e-10,5.548076581485262e-11,2.750396022044299e-10,4.511127582595975e-10,6.893960957654599e-10,3.0020754770987423e-09,1.9180383503680787e-07,2.6143364806330283e-08
TC_2023_2023156N10067,D,Monsoon Low Pressure Systems,MONSOON,6181a468ac160dce0be1582b56588ac22734bd1591ab2789c36277aa43493d12,0.04382741078734398,1.7242251634597778,3.94514799118042,6.254629135131836,7.192736625671387,10.102072715759277,14.456567764282227,25.736318588256836,4.188806533813477,-0.00016203412087634206,-3.3718803024385124e-05,-1.3052184840489645e-05,-5.47605168321752e-06,-2.425787215543096e-07,6.158374162623659e-06,4.818779052584432e-05,0.000920277729164809,3.6429079045774415e-05,-0.0003407592885196209,-5.667605364578776e-05,-1.0531616680964362e-05,1.0017107570092776e-06,-1.3432393188850256e-06,1.2111871001252439e-05,4.193237327854149e-05,0.0001981500390684232,3.0656934541184455e-05,-0.0002893499913625419,-4.833930142922327e-05,-1.1320588782837149e-05,6.305181159405038e-07,1.5664066950193956e-06,1.3550496987591032e-05,5.5630684073548764e-05,0.0002710601838771254,3.389099583728239e-05,-0.00029821708449162543,-5.685230644303374e-05,-1.489893656980712e-05,8.617616913397796e-07,-1.0244527857139474e-06,1.3071018656773958e-05,5.052975029684603e-05,0.0002934518561232835,3.4182437957497314e-05,-8.4556677393266e-07,-7.372608079592169e-10,-1.015170759954831e-11,2.8448007838299816e-10,9.934050249071902e-10,1.4977511453295733e-09,7.636455912063411e-09,6.77348239719322e-08,1.5396244279486382e-08
TC_2023_2023160N20092,D,Monsoon Low Pressure Systems,MONSOON,842a1f9c1977a95782fd3b480458e06750ce4103cceab9f6b845e403c9b2cf11,0.011827776208519936,0.6071051955223083,1.5289313793182373,3.0694212913513184,4.151919841766357,6.603684425354004,10.309920310974121,13.142961502075195,3.2137844562530518,-0.00020429870346561074,-2.845343988155946e-05,-8.10313031252008e-06,4.118350886983535e-07,2.2218425783648854e-06,1.026694371830672e-05,3.879828000208363e-05,0.00024772321921773255,2.3712642359896563e-05,-0.00020640406000893563,-5.324629455571994e-05,-1.625755976419896e-05,-7.131277470762143e-07,-2.5690646907605696e-06,1.3400398529483937e-05,4.013569196104072e-05,0.00014896194625180215,2.9234608518891037e-05,-0.0002066140586975962,-3.982156340498477e-05,-1.2131894436606672e-05,7.331277629418764e-07,1.035440845953417e-06,1.4638788343290798e-05,4.1514340409776196e-05,0.00017261416360270232,2.6067904400406405e-05,-0.0002376871561864391,-4.516890112427063e-05,-1.4112089047557674e-05,-7.42801262276771e-07,-1.321331524195557e-06,1.2350235920166597e-05,3.903815377270803e-05,0.00014962995192036033,2.688544373086188e-05,-5.737202357636306e-08,-6.422032905462061e-10,4.224461058743856e-11,3.328428088700264e-10,8.379548721570984e-10,1.0571338249221185e-09,4.330530600782367e-09,6.366601468243971e-08,2.840971236039991e-09
TC_2023_2023212N19090,D,Monsoon Low Pressure Systems,MONSOON,bd6df7f9757ff2ff5e185b0c5c329d544d5167685e153ee076d533989964cd30,0.009583297185599804,0.4767637550830841,1.1532597541809082,2.7573626041412354,4.44948673248291,7.901504993438721,11.805861473083496,15.385493278503418,4.007688045501709,-0.00019322200387250632,-2.579639658506494e-05,-7.275489224412013e-06,7.142536446735903e-07,2.4157677671610145e-06,9.451803634874523e-06,3.671141166705638e-05,0.00030392786720767617,2.4476323233102448e-05,-0.0002632476098369807,-4.0046972571872175e-05,-1.3750051948591135e-05,-1.0443936844239943e-06,-1.708989998405741e-06,1.1340099263179582e-05,3.576627204893157e-05,0.00013847420632373542,2.4797043806756847e-05,-0.0002742442302405834,-3.361035487614572e-05,-1.1167801858391613e-05,1.9187764621619863e-07,5.781773211310792e-07,1.1855503544211388e-05,3.669132274808362e-05,0.00015162580530159175,2.4019067495828494e-05,-0.00019180038361810148,-3.92448746424634e-05,-1.2452592272893526e-05,-6.350857120196451e-07,-1.3201364481574274e-06,1.1212173376407009e-05,3.604973608162254e-05,0.00014969464973546565,2.5040511900442652e-05,-8.512861882081779e-08,-4.846633094857111e-10,3.544228799334803e-11,2.4247232000007557e-10,6.010935638123271e-10,7.635479470913253e-10,3.1603737404850563e-09,7.594199047389338e-08,3.316173113887544e-09
TC_2023_2023234N18128,A,Strong Tropical Cyclones,TC,b2ee255c42f2758096220b21a3f7dc75f6be399b58c0ea9fbc6c17999ecaea63,0.03436725586652756,1.0526844263076782,2.7930846214294434,6.282981872558594,6.065783977508545,8.675874710083008,11.293951988220215,22.35431671142578,3.4592015743255615,-0.000208074547117576,-4.066283509018831e-05,-1.2832740139856469e-05,-2.6984125724993646e-06,1.886895688585355e-06,1.1115719644294586e-05,5.630527084576897e-05,0.0009582333150319755,4.147029176237993e-05,-0.00035094900522381067,-3.989395190728828e-05,-1.2031228834530339e-05,1.4777198487081478e-07,-1.480862010794226e-06,1.1342989637341816e-05,3.3471449569333345e-05,0.00011227100912947208,2.5450906832702458e-05,-0.0003318236267659813,-4.776280911755748e-05,-1.4025541531736962e-05,4.3683527906068775e-09,3.1844501791056246e-07,1.5210796846076846e-05,4.812774932361208e-05,0.0003012290981132537,3.409941928111948e-05,-0.00027179450262337923,-4.769894076162018e-05,-1.4295268556452356e-05,-1.9678277851653547e-07,7.082338697728119e-07,1.4161099898046814e-05,5.209683513385244e-05,0.0003606314421631396,3.427885167184286e-05,-9.169937129627215e-07,-1.44294487469665e-09,-6.116417702178856e-12,3.006841442498853e-10,6.150676079563766e-10,1.0968559394086697e-09,5.6654752000895314e-09,1.202984805104279e-07,1.6357580179260367e-08
TC_2023_2023248N12257,A,Strong Tropical Cyclones,TC,c39e2e32578b927547b71e65fc195c7892464bc7df8784e1ac913623a4373eac,0.02205846831202507,1.000724196434021,4.202019691467285,6.585240840911865,6.466516017913818,8.259966850280762,12.626457214355469,22.29607391357422,3.4917619228363037,-0.00013802842295262963,-2.3489996237913147e-05,-1.1994367923762184e-05,-5.462213721330045e-06,1.1140853573010645e-08,5.652367690345272e-06,3.71946080122143e-05,0.0006530066602863371,2.910559305746574e-05,-0.00016175754717551172,-4.002666537417099e-05,-9.939787560142577e-06,1.5757105984448572e-06,-1.260387989532319e-06,1.0584117262624204e-05,2.7671974748955108e-05,0.00010776205454021692,2.181773743359372e-05,-0.00022905241348780692,-3.468876820988953e-05,-7.990227459231392e-06,1.6996593785734149e-06,2.186752226407407e-06,1.3169350495445542e-05,3.9219750760821626e-05,0.00018779883976094425,2.520144516893197e-05,-0.00017449997540097684,-3.583064244594425e-05,-9.38589346333174e-06,1.55465249918052e-06,2.736553142312914e-06,1.2475021321733948e-05,4.86235148855485e-05,0.00019281824643258005,2.6002113372669555e-05,-4.083620410710864e-07,-3.7438685485113865e-10,3.5802793021955104e-12,1.84194409724725e-10,4.763577310384903e-10,8.185259692261582e-10,4.09603506668077e-09,5.0407120255613336e-08,9.005176160314932e-09
TC_2023_2023249N12320,A,Strong Tropical Cyclones,TC,a17ddb99e2233042a8294ceca1167822c0f1f2815e07c47b428515e305da748b,0.05348607897758484,1.4383882284164429,4.365952968597412,5.6774067878723145,5.781486988067627,6.970762729644775,10.062468528747559,23.409984588623047,2.7160022258758545,-0.00010185949940932915,-1.946344127645716e-05,-1.1404366887290962e-05,-5.660126589646097e-06,-1.7586642115929862e-06,2.324121851415839e-06,2.362481609452516e-05,0.0007436344749294221,2.653531191754155e-05,-0.0002714071306400001,-2.3322736524278298e-05,-6.3453153416048735e-06,1.6251741499218042e-06,3.2485849033037084e-07,8.56917722558137e-06,2.2017888113623485e-05,7.070494029903784e-05,1.6176083590835333e-05,-0.00024705403484404087,-2.5273409846704453e-05,-9.4237830126076e-06,3.2287951512444124e-07,4.01414212092277e-07,1.0132342140423134e-05,2.9092359909554943e-05,0.0002129796048393473,2.169992876588367e-05,-0.0002876915968954563,-3.07599148072768e-05,-1.1972821994277183e-05,-1.3858206102668191e-06,-1.5445888266185648e-06,9.213698831445072e-06,2.7671090720104985e-05,0.00022851339599583298,2.272444180562161e-05,-5.35136052803864e-07,-2.540807841899806e-10,1.766360495369934e-11,1.802570037678919e-10,2.8261823437070177e-10,5.141269077135746e-10,2.1972093033895135e-09,6.832121357547294e-08,1.081044498363326e-08
TC_2023_2023279N08157,A,Strong Tropical Cyclones,TC,7bbdc78b8f8fee718595afd6af566f98a82369170c3c9854aa7e979348287c4c,0.2572506070137024,3.25290584564209,5.440223693847656,7.927150249481201,7.9697699546813965,9.88158893585205,13.684151649475098,25.777530670166016,3.38419246673584,-0.0001945704862009734,-2.110614332195837e-05,-1.143418103310978e-05,-1.6290066469082376e-06,2.451187356200535e-06,8.611109478806611e-06,4.007652751170099e-05,0.0008094601216726005,3.3961801818804815e-05,-0.0002822584065143019,-3.3281212381552905e-05,-1.1458138033049181e-05,-8.172167440534395e-07,-2.277280600537779e-06,8.398045793001074e-06,2.4712418962735683e-05,0.00010967998241540045,2.0299525203881785e-05,-0.00027923742891289294,-3.413392187212594e-05,-1.2613988474186044e-05,2.497549189683923e-07,1.6814830132716452e-06,1.3193997801863588e-05,4.6222681703511626e-05,0.00027096387930214405,2.925534499809146e-05,-0.000286194437649101,-3.515375283313915e-05,-1.334654098172905e-05,-2.2416185174733982e-07,5.583800799513483e-08,1.2282762327231467e-05,3.7801393773406744e-05,0.0002393029280938208,2.6674701075535268e-05,-6.476070097960474e-07,-3.2545033334940854e-10,4.541319403861266e-11,2.931272724548961e-10,4.108331175256552e-10,8.699138631662606e-10,3.9264032025698725e-09,4.9494467191379954e-08,1.3634739559620357e-08
TC_2023_2023292N11063,D,Monsoon Low Pressure Systems,MONSOON,248f74d416526dfd3280455becd7b74266fc6b8552e6e8faa9a6ce9cba95a477,0.052148427814245224,1.0800946950912476,2.386456251144409,3.3871257305145264,3.71453595161438,4.404426574707031,7.358678340911865,21.09290885925293,2.2864301204681396,-0.0001931772130774334,-2.8474018108681776e-05,-1.1282157174719032e-05,-4.024282588943606e-06,-1.0161007821807289e-06,4.440124939719681e-06,3.959774403483607e-05,0.0007368806982412934,3.039366492885165e-05,-0.0002399453951511532,-4.564877599477768e-05,-1.0628657037159428e-05,2.1089169877086533e-06,-2.614446259485703e-07,1.2926767340104561e-05,3.643528907559812e-05,0.00018831271154340357,2.5944016670109704e-05,-0.0002644855994731188,-3.8864920497871935e-05,-1.0118493264599238e-05,6.338215143841808e-07,8.314263482134265e-07,1.2608737961272709e-05,4.120108860661276e-05,0.00027388278977014124,2.8914520953549072e-05,-0.00023457755742128938,-3.981645204476081e-05,-1.149835043179337e-05,3.58147843826373e-07,2.0168346281934646e-07,1.127671839640243e-05,4.145800630794838e-05,0.0003149211697746068,2.7402975320001133e-05,-5.409437449088728e-07,-5.630811927836987e-10,1.1165770565091382e-11,2.3175487917637128e-10,6.628972926137067e-10,8.611861224139261e-10,5.0183532884773285e-09,1.0735959676821949e-07,1.0612125400655259e-08
TC_2023_2023293N12089,D,Monsoon Low Pressure Systems,MONSOON,2a917bb880dce2d4b03c10711bd9b3670ee69cde360692f75b20eb98f3582626,0.00827077031135559,0.5058712959289551,1.1444439888000488,1.7689545154571533,2.0971970558166504,2.4740653038024902,4.7280473709106445,14.343116760253906,1.6365424394607544,-0.0001469853159505874,-2.4763274268480018e-05,-9.048578249348793e-06,-8.199286867238698e-07,6.141289077277179e-07,8.378456186619587e-06,2.767272417258937e-05,0.00048321750364266336,2.2685062504024245e-05,-0.00016396671708207577,-4.4839023757958785e-05,-1.2765607607434504e-05,5.53405016034958e-07,-4.99876421145018e-07,1.3940802091383375e-05,3.818838013103232e-05,0.00013996280904393643,2.540858076827135e-05,-0.0001664392912061885,-3.676804408314638e-05,-1.1649090993159916e-05,1.3913759744355048e-07,6.473811708929134e-08,1.1987342077190988e-05,3.5646939068101346e-05,0.0002642559993546456,2.4059743736870587e-05,-0.00019302027067169547,-3.839850614895113e-05,-1.1888256267411634e-05,4.1606572409591536e-08,-1.0295373442659184e-07,1.217804219777463e-05,3.7882211472606286e-05,0.00019384955521672964,2.4292707166750915e-05,-2.264261098616771e-07,-3.3570571322805165e-10,3.9550987485093e-11,2.8155461295753526e-10,6.540325503401334e-10,9.30653942798898e-10,3.555302052760112e-09,6.951532327548193e-08,5.208571352000035e-09
TC_2023_2023294N09264,A,Strong Tropical Cyclones,TC,e46ee86cd6f84765ae1bedffb9854381b9a1228e7c0a7a65c6cc15be0860dc83,0.01973845809698105,0.9143422842025757,2.8401753902435303,5.132999897003174,5.146874904632568,7.0709991455078125,9.881630897521973,15.727676391601562,2.788939952850342,-0.00018058466957882047,-2.330059214727953e-05,-1.0980540537275374e-05,-4.570343207888072e-06,3.334772316065937e-07,5.883265657757875e-06,4.5040280383545905e-05,0.0007498367340303957,2.7687558031175286e-05,-0.0003981677000410855,-4.1777744627324864e-05,-1.2230984793859534e-05,-1.6196578656035854e-07,-2.382646925980225e-06,1.0151486094400752e-05,3.102798655163497e-05,0.00016849061648827046,2.4951110390247777e-05,-0.0004073268501088023,-4.309292489779182e-05,-9.687030797067564e-06,1.793928845472692e-06,3.6708652118022655e-08,1.2423030057107098e-05,3.520847894833423e-05,0.0003248738939873874,2.6982277631759644e-05,-0.0002852464676834643,-3.994031794718467e-05,-1.0623575690260623e-05,9.03621867109905e-07,6.713104738764741e-08,1.1719435860868543e-05,3.658277273643762e-05,0.0003313880297355354,2.5967312467400916e-05,-5.497134907272994e-07,-4.778580864339688e-10,8.381738011986606e-12,2.0439420989060153e-10,6.356383197569926e-10,7.059225981542738e-10,3.703746420669063e-09,1.6437826388937538e-07,7.757814834974397e-09
TC_2023_2023317N10094,D,Monsoon Low Pressure Systems,MONSOON,3b6481ada607d8b6ff33323b6b34f21e17746c16b2222ad1c2be87e4920bcfdc,0.03270861133933067,0.632167398929596,1.3544847965240479,2.3075780868530273,3.1101675033569336,4.314365386962891,7.78369665145874,15.920907974243164,2.384434461593628,-0.0001507978158770129,-3.531684342306107e-05,-1.2896255611849483e-05,-2.3388263343804283e-06,-1.425198433935293e-06,8.801691365079023e-06,3.3895816159201786e-05,0.00039734275196678936,2.5745737730176188e-05,-0.0002180050651077181,-3.929081140086055e-05,-1.192574836750282e-05,9.424725817552826e-07,-2.474358780091279e-07,1.2668859199038707e-05,3.652072336990386e-05,0.0001109965451178141,2.4075676265056245e-05,-0.00012830470222979784,-3.716776700457558e-05,-1.3331447917153127e-05,-1.0481576282472815e-06,-2.223452355565314e-07,1.1644510777841788e-05,4.042889486299828e-05,0.00017630161892157048,2.409308945061639e-05,-0.00017157060210593045,-3.937020665034652e-05,-1.2385080481180921e-05,1.743968311984645e-07,2.201675215474097e-07,1.265518494619755e-05,3.769417162402533e-05,0.0002538030385039747,2.555439277784899e-05,-1.452143862934463e-07,-7.48385020621356e-10,6.306145926629481e-13,2.5385962776347526e-10,5.687278425980935e-10,8.933095374530353e-10,3.2763729507223616e-09,3.6321686991414026e-08,3.1904507924451764e-09
TC_2023_2023334N08088,D,Monsoon Low Pressure Systems,MONSOON,93de4d3930ddc17c55ef70eb590d451fb91108eec890aa3763a500b2c543e5dc,0.025629810988903046,0.9037716388702393,1.8558964729309082,3.0879898071289062,3.8779940605163574,5.374814987182617,9.170977592468262,20.846555709838867,2.6790244579315186,-0.00012305573909543455,-2.382935599598568e-05,-9.985382348531857e-06,-1.4585421013180166e-06,5.856873599441315e-07,7.855725925765e-06,2.8372502129059285e-05,0.0006717145442962646,2.469322134857066e-05,-0.0002898179227486253,-3.4656026400625706e-05,-1.0700645361794159e-05,6.660928306700953e-07,-3.468847182830359e-07,1.110364610212855e-05,3.274763366789557e-05,0.0001195654840557836,2.3326054360950366e-05,-0.00021197914611548185,-3.519618621794507e-05,-1.1340009223204106e-05,2.5281354965045466e-07,-3.4551170813301724e-08,1.2536146641650703e-05,3.208500493201427e-05,0.0002535531239118427,2.337720252398867e-05,-0.00018533527327235788,-3.329453102196567e-05,-1.0806758837134112e-05,1.21197638236481e-06,1.4857272390145226e-06,1.2735239579342306e-05,3.649829886853695e-05,0.0002671154506970197,2.4823468265822157e-05,-4.505745607730205e-07,-3.720267149898149e-10,3.1892141705291976e-11,2.4885329907853304e-10,5.548084769380068e-10,7.289200909532667e-10,2.905772511496707e-09,8.00457868876947e-08,7.407811253301588e-09
TC_2024_2024044S14066,A,Strong Tropical Cyclones,TC,4427aba2cdbd8bdaa5f94f6c81ae7bc1a46146770d26791846806e7f67a8b04b,0.1645488142967224,2.6907153129577637,5.618078708648682,7.873695373535156,8.059677124023438,10.071622848510742,14.108453750610352,23.168190002441406,3.4705371856689453,-0.0007806841749697924,-4.339914084994234e-05,-9.418208719580434e-06,4.8563260861556046e-06,-2.649024054335314e-06,1.1788964002334978e-05,2.106479041685816e-05,7.51979387132451e-05,3.11244984914083e-05,-0.0002507551107555628,-2.9433149393298663e-05,-8.730647095944732e-06,2.4734805492698797e-07,-1.612452706467593e-06,8.711848749953788e-06,2.310906165803317e-05,0.00015130432439036667,2.1898560589761473e-05,-0.0002724382793530822,-3.0272367439465597e-05,-9.113468877330888e-06,1.072650547939702e-06,4.041707597934874e-06,1.3463306459016167e-05,4.685183012043126e-05,0.0002837751526385546,2.8846965506090783e-05,-0.0002944650477729738,-3.563579230103642e-05,-1.2308573786867782e-05,-1.9116266685159644e-06,-1.2717248409899184e-06,1.0101170119014569e-05,3.7281140976119787e-05,0.0002025355352088809,2.544943527027499e-05,-6.025254606356611e-07,-2.866402115664357e-10,1.1247113266762976e-12,2.0434595682239376e-10,5.22021925686289e-10,7.582321437382689e-10,3.2582176956452713e-09,7.792100120695977e-08,1.0964409824509858e-08
TC_2024_2024145N14087,D,Monsoon Low Pressure Systems,MONSOON,8506d8c4bbc883704b4f1832e8bb39461bad9a5b8dbb7b0b5562a895e347c020,0.012503840029239655,0.6671497225761414,1.5294684171676636,2.704218626022339,4.533236026763916,6.653048038482666,12.384746551513672,20.92247772216797,4.078300476074219,-0.00015093275578692555,-3.2371543056797236e-05,-1.1201740562682971e-05,-7.226614684441302e-07,1.720759541967709e-06,1.0617446605465375e-05,4.289691423764452e-05,0.0005944863660261035,3.0853978387312964e-05,-0.00026381685165688396,-5.421428068075329e-05,-1.701169640000444e-05,1.1542929456709317e-07,-2.3108614186639898e-06,1.5608575267833658e-05,4.1029103158507496e-05,0.00012730146409012377,3.03354663628852e-05,-0.00020537346426863223,-4.606204674928449e-05,-1.57349986693589e-05,-1.4292747607669298e-07,-7.373436972102354e-09,1.434544083167566e-05,4.64351505797822e-05,0.0002877252409234643,3.124922659480944e-05,-0.00023837828484829515,-4.645774606615305e-05,-1.467353922635084e-05,1.0369874559046366e-07,-5.044477688898041e-07,1.4883903531881515e-05,4.458687544683926e-05,0.00017417161143384874,2.981046782224439e-05,-3.366155283401895e-07,-7.062700424498303e-10,6.561289705997453e-11,3.969281014981618e-10,9.105037279688588e-10,1.3007555033084373e-09,5.422053028780738e-09,9.600859840475096e-08,7.76530040269563e-09
TC_2024_2024181N09320,A,Strong Tropical Cyclones,TC,12f9008345349e21686caede412ce7d99d1ad0704d943677adf8bc967aab87a3,0.036042552441358566,0.8017460703849792,2.0995516777038574,5.9651618003845215,5.921442985534668,8.849227905273438,11.103135108947754,23.5863094329834,3.7198421955108643,-0.0001876654423540458,-2.4325609047082253e-05,-1.1159129826410208e-05,-4.3934760469710454e-06,-5.290797844281769e-07,3.895873305737041e-06,4.102829552721232e-05,0.0008968666079454124,3.179683699272573e-05,-0.00038713362300768495,-3.306531652924605e-05,-9.870767826214433e-06,7.001432891229342e-07,-4.913306952403218e-07,1.0384611414337996e-05,2.9518356313928962e-05,0.00010687467874959111,2.1519948859349824e-05,-0.00034346734173595905,-3.708803706103936e-05,-1.1684601304295938e-05,-2.397118805674836e-06,-2.6398120098747313e-06,7.396519777103094e-06,3.168926195940003e-05,0.00028592965099960566,2.6169685952481814e-05,-0.0002838207292370498,-4.393386552692391e-05,-1.0835165085154586e-05,1.0620298098729108e-06,-7.945051265778602e-07,1.1064115824410692e-05,3.253143222536892e-05,0.00030110825900919735,2.7830821636598557e-05,-7.883311923251313e-07,-4.2453005000275823e-10,9.546708042151852e-12,1.6341007713638334e-10,4.5568812612195586e-10,5.781387035774799e-10,3.405445703208443e-09,1.1309364822409407e-07,1.319036879721125e-08
TC_2024_2024238N25077,D,Monsoon Low Pressure Systems,MONSOON,7f01fc4a7e1196f2593da33ec93bcf3bdc6452659eaf11a287b5331a59e5873f,0.05274553969502449,0.9830571413040161,2.367017984390259,4.578227996826172,5.382808685302734,7.90897798538208,12.16026496887207,16.16535186767578,3.5506179332733154,-0.00021685866522602737,-4.3792839278467e-05,-1.3749504432780668e-05,-3.1128422506299103e-06,1.1443886478446075e-06,1.2120729479647707e-05,5.853682887391187e-05,0.0005228966474533081,3.5710825613932684e-05,-0.00017053409828804433,-4.5324635721044615e-05,-1.2458230230549816e-05,7.321423822759243e-07,-6.65372965613642e-07,1.2240727301104926e-05,3.851416477118619e-05,0.00019180365779902786,2.6318726668250747e-05,-0.0001741049491101876,-4.769942461280152e-05,-1.2894695828435943e-05,-3.954304190756375e-07,1.369537244499952e-06,1.5741006791358814e-05,5.1649403758347034e-05,0.0002783335221465677,3.1505944207310677e-05,-0.00019705055456142873,-5.1517134124878794e-05,-1.722834349493496e-05,-4.0338541111850645e-06,-2.760769802989671e-06,1.101900761568686e-05,5.121361027704552e-05,0.0002461350813973695,3.1320425478043035e-05,-2.650838837325864e-07,-1.6240914169074472e-09,-1.4216404095601654e-11,2.879252669618637e-10,7.065182328069852e-10,1.121467585463165e-09,5.5603774917756255e-09,6.594996904141226e-08,6.453527934269232e-09
TC_2024_2024244N09137,A,Strong Tropical Cyclones,TC,5b66adf4244bf278a167506f8b063b112591b0751ae28b6cb95580a32f81d0ae,0.029876479879021645,0.7853274941444397,1.7827528715133667,4.0275421142578125,5.297394752502441,7.64877986907959,13.26846694946289,25.748552322387695,4.33974027633667,-0.0002392045862507075,-4.433047433849424e-05,-1.1733295650628861e-05,-1.2907373729831306e-06,1.3038301176493405e-06,1.1929981155844871e-05,4.883020301349461e-05,0.0007967877900227904,4.0382576116826385e-05,-0.0002315348101546988,-4.382642509881407e-05,-1.453899221814936e-05,-1.1604640803852817e-06,-1.968634023796767e-06,1.183032691187691e-05,3.895253757946193e-05,0.00013813462282996625,2.6814526790985838e-05,-0.0002408536383882165,-4.7805799113120884e-05,-1.4247139915823936e-05,1.4958968108658155e-07,4.6600089831372316e-07,1.4339504559757188e-05,5.3461997595150024e-05,0.00025861794711090624,3.4111548302462325e-05,-0.000281786808045581,-4.97390610689763e-05,-1.414817597833462e-05,1.4029060366738122e-06,2.2111083808340481e-07,1.5267174603650346e-05,5.1602368330350146e-05,0.00027358444640412927,3.4655826311791316e-05,-6.305839974629635e-07,-1.0267565686561397e-09,2.59373269390073e-11,3.297845885263939e-10,7.324373885175817e-10,1.0984879672548686e-09,6.675762165286869e-09,7.328175399834436e-08,1.480024014455239e-08
TC_2024_2024270N24128,A,Strong Tropical Cyclones,TC,26bae7d8edc2d42ab2aaff410a20dfe55fa0dcaffd40fa390d850ceaca0d23f7,0.038389671593904495,0.9817510843276978,2.2900285720825195,4.1704607009887695,4.827246189117432,6.35147762298584,11.457396507263184,26.650726318359375,3.430152416229248,-0.00023940528626553714,-4.050583083881065e-05,-1.4408840797841549e-05,-5.083386895421427e-06,-1.2402990705595585e-06,5.8126161093241535e-06,4.890028139925562e-05,0.0009741514804773033,4.131669265916571e-05,-0.00029168056789785624,-4.4646560127148405e-05,-1.1584357707761228e-05,4.332729020006809e-07,-1.4818463114352198e-06,1.1179465218447149e-05,3.693806502269581e-05,0.00015733696636743844,2.7396075893193483e-05,-0.0003107553056906909,-4.8960115236695856e-05,-1.3617781405628193e-05,-4.289169908133772e-07,4.608790504789795e-08,1.5344910934800282e-05,4.911164796794765e-05,0.000346819608239457,3.546648804331198e-05,-0.0002681247715372592,-4.596585495164618e-05,-1.4787724467169028e-05,-3.6559302429850504e-07,-1.2036046825869562e-07,1.2621048881555907e-05,4.748260835185647e-05,0.0003138412721455097,3.503948755678721e-05,-9.360106787426048e-07,-1.2703904594957294e-09,2.1439355499253132e-11,2.899757101104683e-10,7.77046760269684e-10,1.0598329991395872e-09,5.8511995248977655e-09,1.190716929500013e-07,1.856487230611492e-08
TC_2024_2024279N21265,A,Strong Tropical Cyclones,TC,a5dcd5bc77da8acfcaca7e0ea2ef6a5772158303e1fb6e350a9098309ceafb81,0.025659825652837753,1.2279092073440552,2.8660314083099365,3.9647717475891113,4.738103866577148,5.583697319030762,11.658744812011719,20.169292449951172,2.99881911277771,-0.0002158251591026783,-3.466354246484116e-05,-1.068641540769022e-05,-1.5723155684099765e-06,1.6190094811463496e-06,9.366710401081946e-06,4.3248863221379e-05,0.0006537964218296111,3.495802229736e-05,-0.00021991637186147273,-4.3586984247667715e-05,-1.1967466889473144e-05,-3.072505307954998e-07,-1.803113377718546e-06,1.0778032446978614e-05,3.5748438676819205e-05,0.0001417928287992254,2.538548142183572e-05,-0.00032140317489393055,-4.061872459715232e-05,-1.261051329493057e-05,-1.121665263781324e-06,8.966370046437078e-07,1.0811317224579398e-05,5.149755088496022e-05,0.00029728611116297543,3.1758827390149236e-05,-0.00023391374270431697,-4.6477191062876955e-05,-1.4022378309164196e-05,-1.1253499678787193e-06,-1.1850529517687391e-06,1.2495821465563495e-05,4.321071901358664e-05,0.00017221302550751716,2.9345645089051686e-05,-4.23720820208473e-07,-7.656822398338647e-10,1.8526529269036196e-11,2.424073441975594e-10,6.473140912177655e-10,9.885233742679134e-10,5.336554309565145e-09,1.0652012605305572e-07,9.035231229859164e-09
TC_2024_2024295N15092,D,Monsoon Low Pressure Systems,MONSOON,4bb325b73e5d3844fa0f89488415081bb1cd45f02bea521b557b9672d097fe4a,0.009344411082565784,0.6088566780090332,1.3889243602752686,2.5649449825286865,3.711644411087036,5.841109752655029,8.907210350036621,18.64447593688965,2.9836642742156982,-0.00015104487829376012,-2.8064596335752867e-05,-8.42491408548085e-06,-4.836074936065415e-07,6.624587172154861e-07,7.992071004991885e-06,2.999946264026221e-05,0.0006320574902929366,2.6883020836976357e-05,-0.00036122227902524173,-4.005636219517328e-05,-1.1884146260854322e-05,6.706310955451045e-07,-5.370349640543282e-07,1.2625390809262171e-05,3.596675014705397e-05,0.00014546755119226873,2.5384042601217516e-05,-0.0002605539048090577,-3.26669032801874e-05,-1.2723300642392132e-05,-1.4953703839637456e-06,4.990178581465443e-07,1.1722887393261772e-05,3.9805523556424305e-05,0.00021861947607249022,2.608114118629601e-05,-0.00018877691763918847,-3.904653203790076e-05,-1.2200446690258104e-05,3.785855255955539e-07,-1.2924309089612507e-07,1.2128968592151068e-05,3.537987868185155e-05,0.000384712329832837,2.613386277516838e-05,-3.467413876023784e-07,-4.407922082894089e-10,4.2980490694288775e-11,2.859734948845727e-10,6.403347851957619e-10,8.470377732550105e-10,3.3667508780865774e-09,1.4732253816873708e-07,7.58421503377349e-09
TC_2024_2024296N13260,A,Strong Tropical Cyclones,TC,9ffe4f037723e28674ca4f402c42bd07dd7276493d2673b1131a19427455716b,0.10975468903779984,1.8989235162734985,4.220961570739746,6.316266059875488,6.079960823059082,7.699446678161621,9.728004455566406,24.797842025756836,2.628725051879883,-0.00015312954201363027,-2.0823481463594362e-05,-1.1992379768344108e-05,-6.389096597558819e-06,-2.4433518319710856e-06,9.359761179439374e-07,2.3432299713022076e-05,0.0010452778078615665,2.912211130023934e-05,-0.0004731616354547441,-2.713586036406923e-05,-5.7084380387095734e-06,2.3079135189618682e-06,1.32558866994259e-07,9.636253707867581e-06,2.148326711903792e-05,8.647930371807888e-05,2.0209366994095035e-05,-0.00034592990414239466,-2.4308008505613543e-05,-7.817507139407098e-06,-5.775997351520346e-07,1.986306642720592e-06,9.765059076016769e-06,3.689854565891437e-05,0.00035974374623037875,2.5549628844601102e-05,-0.000329790374962613,-2.956888420158066e-05,-6.531579856527969e-06,3.1679549010732444e-06,1.7780103007680736e-06,1.2025810065097176e-05,2.8019876481266692e-05,0.00037541831261478364,2.4635990484966896e-05,-1.0863175248232437e-06,-2.620791639262876e-10,-1.5792317540480605e-12,1.3694957667897967e-10,4.1275505235915944e-10,4.823280663757146e-10,3.080778077091395e-09,1.1638524455293009e-07,1.7281776010236172e-08
TC_2024_2024298N13150,A,Strong Tropical Cyclones,TC,871fd3abb88a86da02f1a19a8476efa4734da2bec669417d8896dc1a7e4b8547,0.07276599854230881,1.439565896987915,3.6391961574554443,6.111933708190918,7.155406475067139,9.515373229980469,15.932488441467285,37.4165153503418,4.93391752243042,-0.0003414223901927471,-4.2597133870003745e-05,-1.3071364264760632e-05,-5.111097834742395e-06,4.4311389046924887e-07,7.936092515592463e-06,5.7690365792950615e-05,0.0010766718769446015,5.19395834999159e-05,-0.00039333917084150016,-4.5459069951903075e-05,-1.2760172467096709e-05,1.0163694952325386e-07,-2.1686259970010724e-06,1.2188914297439624e-05,3.732704135472886e-05,0.00012718555808532983,3.219701102352701e-05,-0.0004335012927185744,-5.786823749076575e-05,-1.609953324077651e-05,-1.1300778623990482e-06,5.910785603191471e-07,1.6845540812937543e-05,6.0424961702665314e-05,0.000394829927245155,4.511897714110091e-05,-0.0003608452680055052,-5.337511538527906e-05,-1.4809391359449364e-05,-2.547406552366738e-07,8.34942341043643e-07,1.6563386452617124e-05,5.694444917025976e-05,0.0004017931059934199,4.179128518444486e-05,-1.1549022929102648e-06,-1.3848855395792725e-09,3.604476439544868e-11,4.1979353326837554e-10,1.0853635767915648e-09,1.4251729796299628e-09,9.020263647130378e-09,2.1458613730374054e-07,2.9795153011491493e-08
TC_2024_2024313N10169,A,Strong Tropical Cyclones,TC,8915f9b905deb3e04ccb50d659eda124491f66b6bf8c0975b76d3303ebed2fa3,0.009479638189077377,0.6451571583747864,2.662926435470581,5.119427680969238,5.027880668640137,6.894563674926758,8.947949409484863,25.65106964111328,3.0175535678863525,-0.00019062661158386618,-2.2955398890189826e-05,-9.60870056587737e-06,-3.176143081873306e-06,7.945523066155147e-07,4.396342319523683e-06,3.88721855415497e-05,0.0009975392604246736,3.4847838833229616e-05,-0.0003220810613129288,-2.90258540189825e-05,-9.20069851417793e-06,-4.3896139345633856e-07,-1.4999895938672125e-06,8.385242836084217e-06,2.3252367100212723e-05,0.00013862874766346067,1.9940538550144993e-05,-0.00031470772228203714,-3.8144564314279705e-05,-1.1383403034415096e-05,-6.507705734293268e-07,-9.410616144123196e-07,9.127661542152055e-06,3.51259732269682e-05,0.00033983535831794143,2.943277286249213e-05,-0.00029657332925125957,-3.526419823174365e-05,-8.76850936037954e-06,3.6697056771117786e-07,4.015723504835478e-07,9.051551387528889e-06,3.4526801755419e-05,0.00029175152303650975,2.7341400709701702e-05,-9.926700386131415e-07,-5.274587988601809e-10,4.031848639673985e-12,1.37279049239325e-10,3.998840980568019e-10,5.665045654801304e-10,4.017170596171127e-09,1.1502685737241336e-07,1.760838408415566e-08
TC_2024_2024319N16282,B,Weak Tropical Cyclones / Depressions,TC,f576ae91225f737878a574bb0c3d332261be989e9893f7565c892450525e7cc3,0.02655840292572975,0.7828420996665955,3.2769761085510254,5.415010929107666,5.219423294067383,6.9419989585876465,9.698772430419922,12.878127098083496,2.672729253768921,-0.0001359106390736997,-2.7975644115940668e-05,-1.280384913115995e-05,-6.571357971552061e-06,-1.591972022652044e-06,4.255792646290502e-06,4.5188113290350884e-05,0.00036633419222198427,2.4875842427718453e-05,-0.00014628331700805575,-3.6709254345623776e-05,-1.1128769983770326e-05,1.8116314492999663e-07,-2.1563487280218396e-06,8.144342245941516e-06,2.7941154257860035e-05,9.932036482496187e-05,2.0639545255107805e-05,-0.00019365636399015784,-3.654787360574119e-05,-9.907488674798515e-06,1.2679498695433722e-06,8.786975591590362e-09,1.109073400584748e-05,3.370156991877593e-05,0.0001378093584207818,2.2807153072790243e-05,-0.00014464373816736042,-4.186351361568086e-05,-1.1597678167163394e-05,3.309882501412176e-08,-1.8639328800418298e-06,9.821771527640522e-06,3.0430577680817805e-05,0.00013027350360061973,2.2798916688770987e-05,-1.210182603017529e-07,-7.321672157445391e-10,-3.6486921123346505e-11,1.3840666113207334e-10,4.2208930794984667e-10,6.08622152675764e-10,2.8781881322714753e-09,2.6725532009663766e-08,2.5174342610512213e-09
TC_2024_2024329N04089,D,Monsoon Low Pressure Systems,MONSOON,af6080f95c48a04604ec300e3346879f7dc65cad13933d3aa37b2549f4dbda2b,0.0774906724691391,1.1878817081451416,2.6876282691955566,5.468690872192383,5.481189250946045,7.861518383026123,10.331999778747559,15.11073112487793,2.9987850189208984,-0.0001428366667823866,-2.3054410121403635e-05,-6.3261381910706405e-06,2.190075974795036e-06,3.1662045785196824e-06,9.795734513318166e-06,3.178739279974252e-05,0.000581232481636107,2.3024544134386815e-05,-0.0002620279847178608,-3.214331445633434e-05,-9.455529834667686e-06,-1.1095440299868642e-07,-5.184494398235984e-07,9.255946679331828e-06,3.0372480978257954e-05,0.00012016666732961312,2.0671530364779755e-05,-0.00018851923232432455,-3.484871194814332e-05,-1.0883318282139953e-05,1.127851874116459e-06,-6.065724846848752e-07,1.0749570719781332e-05,2.9864733733120374e-05,0.00022459140745922923,2.3072145268088207e-05,-0.00012067452917108312,-3.135480437777005e-05,-1.2863948541053105e-05,-2.9008035653532716e-06,-2.1284952254063683e-06,6.617356120841578e-06,3.13637538056355e-05,0.00021228934929240495,2.0893670807708986e-05,-3.132588801690872e-07,-3.680233062741678e-10,1.5569210851107407e-11,1.851256786755684e-10,4.336132286564265e-10,6.153983433954124e-10,2.591957537489975e-09,3.463780728907295e-08,4.60721683026577e-09
TC_2025_2025064S12067,B,Weak Tropical Cyclones / Depressions,TC,910bf5072a1c82d3b812da589c22ff0f4f2263d2b4b7f757b3e3c8deedebe846,0.01732117310166359,0.843932032585144,1.9275388717651367,3.229074716567993,4.013180732727051,5.0590596199035645,10.344511032104492,19.025569915771484,3.0239174365997314,-0.00036868531606160104,-4.232580613461323e-05,-7.096414719853783e-06,3.975093022745568e-06,4.2188918314423063e-07,1.3884409781894647e-05,3.1741139537189156e-05,0.00018194665608461946,2.9300659662112594e-05,-0.00026849392452277243,-3.8361944461939856e-05,-1.0415858923806809e-05,-2.418844502471984e-08,-1.5964974409143906e-06,9.444504030398093e-06,2.9561686460510828e-05,0.00014474146883003414,2.3126045562094077e-05,-0.00016524773673154414,-3.602898505050689e-05,-1.2566817531478591e-05,-3.6705068851006217e-07,6.519242106151069e-07,1.2204226550238673e-05,4.213419379084371e-05,0.0002734738227445632,2.6906145649263635e-05,-0.00026017913478426635,-3.8064405089244246e-05,-1.174202134279767e-05,1.7282154658460058e-06,9.753800895850873e-07,1.3524551832233556e-05,4.18594318034593e-05,0.00019458789029158652,2.690348082978744e-05,-1.0711971754062688e-07,-7.48562878349901e-10,2.004806910760326e-12,2.3758051082012344e-10,5.904076116891588e-10,8.113499871953422e-10,3.8735197271932975e-09,5.979151751489553e-08,4.623814664483916e-09
TC_2025_2025100S09132,A,Strong Tropical Cyclones,TC,02efb0a6128949e9d751042f4b96feb440efec5570d93f8c325693e90055ff25,0.0108451247215271,0.9495025873184204,2.561593770980835,4.079044342041016,4.985105037689209,7.3704023361206055,10.890388488769531,16.637659072875977,3.1639416217803955,-0.0005296579329296947,-4.108384746359661e-05,-9.970488463295624e-06,-2.503478491178157e-08,-2.1931043647782644e-06,8.788327249931172e-06,2.8682137781288475e-05,0.00014012564497534186,2.6603300284477882e-05,-0.0002098145632771775,-4.1501196392346174e-05,-1.1324351362418383e-05,1.4957494158807094e-06,-1.1743063623725902e-06,1.1282623745501041e-05,3.192931762896478e-05,0.00011839759099530056,2.3168131519923918e-05,-0.00018367180018685758,-3.8283491448964924e-05,-9.396929272043053e-06,4.3752638703153934e-06,2.6788854938786244e-06,1.606616933713667e-05,3.9052367355907336e-05,0.00017482716066297144,2.4738512365729548e-05,-0.0001748146314639598,-4.2982486775144935e-05,-1.191152296087239e-05,-2.9789854139039562e-08,-3.79067188305271e-07,1.2509683074313216e-05,3.904769255314022e-05,0.00020633071835618466,2.6047724531963468e-05,-2.8037072752340464e-07,-6.354347048542763e-10,3.521542779605369e-11,3.085494360011154e-10,5.852527351635217e-10,9.663589928265992e-10,3.809115689534792e-09,3.490171707198897e-08,5.539681602328983e-09
TC_2025_2025161N15114,B,Weak Tropical Cyclones / Depressions,TC,fb28751be25ab47a2279aab7fd66e2b31582ef4989250f763ff2b6dd29ed57fb,0.018815992400050163,0.5896533727645874,1.3844314813613892,2.9940547943115234,4.597631454467773,7.624353885650635,12.075053215026855,17.700334548950195,3.859281301498413,-0.0002358392084715888,-4.85717537230812e-05,-1.2690677067439537e-05,-7.722952659605653e-07,7.13082954462152e-07,1.2915809747937601e-05,5.2502742619253695e-05,0.0002571692457422614,3.5919976653531194e-05,-0.0001709035859676078,-4.3758558604167774e-05,-1.5090813576534856e-05,-9.262386129194056e-07,-1.6808605778351193e-06,1.3120728908688761e-05,3.77621290681418e-05,0.00013633011258207262,2.5804618417168967e-05,-0.0001911842409754172,-4.9533606215845793e-05,-1.577233342686668e-05,-7.415116556330759e-07,-1.1847586165458779e-06,1.4512199413729832e-05,4.525669646682218e-05,0.00021511378872673959,3.169378760503605e-05,-0.000162033989909105,-4.668544352171011e-05,-1.6009913451853208e-05,2.028194785452797e-07,1.9769949233250372e-07,1.6232794223469682e-05,4.738873758469708e-05,0.00019912439165636897,3.08545604639221e-05,-6.376764360993548e-08,-1.7087873338539339e-09,2.0837016140307085e-11,3.7926403684274135e-10,6.671896923826637e-10,1.1371689145889263e-09,4.97857177705896e-09,5.943599035163061e-08,4.337178172164613e-09
TC_2025_2025203N20124,B,Weak Tropical Cyclones / Depressions,TC,8668d4d8ed2b6aa8002b1c405e288c55ec93fc19b7d42f69482a2b8d64196b70,0.006113159004598856,0.830505907535553,2.292165994644165,6.33143949508667,6.732771396636963,11.043773651123047,13.588512420654297,17.583715438842773,4.559998512268066,-0.00026710107340477407,-4.287348929210566e-05,-1.428023460903205e-05,-2.643661900947336e-06,1.0583767107164022e-06,1.3260973901196849e-05,5.5090255045797676e-05,0.0003568186657503247,3.476961501291953e-05,-0.0002125337632605806,-3.8884871173650026e-05,-1.2695825716946274e-05,-8.474782475786924e-08,-1.377907892674557e-06,1.0653124263626523e-05,3.3048832847271115e-05,0.0001879246556200087,2.233011764474213e-05,-0.00018260088108945638,-4.202109994366765e-05,-1.2868218618677929e-05,1.067168795998441e-06,2.392492206126917e-06,1.7204512914759107e-05,5.0189864850835875e-05,0.00020775824668817222,2.9970420655445196e-05,-0.00020619457063730806,-5.129056080477312e-05,-1.752372190821916e-05,2.0550141144326517e-08,-1.8533518186814035e-06,1.376716227241559e-05,4.4651824282482266e-05,0.00016317391418851912,3.0129052902339026e-05,-1.2078973554707773e-07,-1.519226966451015e-09,-1.1189547552414858e-11,3.1419802870580327e-10,6.050988043959649e-10,1.2068053223401876e-09,4.603079251097597e-09,5.4158604712029046e-08,4.29338120611078e-09
TC_2025_2025223N17337,A,Strong Tropical Cyclones,TC,c895cd6abeab4260f8a9f4bb9d54479389fe4b9e9fe451e534752841089388ab,0.059140294790267944,0.8852854371070862,2.640134572982788,4.6265645027160645,5.099853038787842,6.812263011932373,11.26635456085205,24.161405563354492,3.2652876377105713,-0.00017640803707763553,-2.6778830942930654e-05,-1.2716103810817003e-05,-4.836841526412172e-06,-4.841655965037717e-09,7.039290267130127e-06,3.9468079194193706e-05,0.0006362132844515145,3.1468520319322124e-05,-0.00025550692225806415,-3.059497976209968e-05,-8.35620903671952e-06,3.318732240131794e-07,-4.785396185980062e-07,9.398406291438732e-06,2.8987453333684243e-05,0.0001072212471626699,2.114985545631498e-05,-0.0002471417828928679,-3.4953642170876265e-05,-1.2349883036222309e-05,-3.8122990986266814e-07,8.62343881635752e-07,1.2484581930038985e-05,4.099814759683795e-05,0.00024994005798362195,2.6635045287548564e-05,-0.00020911953470204026,-4.142429315834306e-05,-1.2025695468764752e-05,2.0462819065869553e-06,1.1473881613710546e-06,1.609683022252284e-05,3.8276146369753405e-05,0.0002004746493184939,2.7278878405923024e-05,-3.92489255318651e-07,-3.9353167946565293e-10,2.7076162492645217e-11,2.896112794026351e-10,4.6535514330869887e-10,9.198793393672133e-10,3.7217731119199016e-09,5.7220638893795694e-08,9.915011034422605e-09
TC_2025_2025233N15126,B,Weak Tropical Cyclones / Depressions,TC,f0adc5106a3134440eba38424b9aaf19d95af8320f08f428460a0afb02c7e726,0.007082741241902113,0.6484482288360596,1.470341682434082,3.0472207069396973,3.769874095916748,5.415491104125977,9.185317039489746,15.928938865661621,2.8316922187805176,-0.0002364631654927507,-2.796681656036526e-05,-1.294819412578363e-05,-4.337646714702714e-06,-5.009383698961756e-07,6.591162673430517e-06,4.165239806752652e-05,0.0007726130424998701,2.971015783259645e-05,-0.00036986745544709265,-3.507588553475216e-05,-1.1396095942473039e-05,7.185833794665086e-08,-1.7340695990242239e-07,1.208028152177576e-05,3.387197284610011e-05,0.00012575423170346767,2.226866672572214e-05,-0.000190274920896627,-4.0210201404988766e-05,-1.224037532665534e-05,-9.217778824677225e-07,-7.497955039070803e-07,1.093714945454849e-05,3.6407764127943665e-05,0.0003698411746881902,2.5056559024960734e-05,-0.0002860767999663949,-3.974725041189231e-05,-1.4271264262788463e-05,-5.285048132463999e-07,-6.896542572576436e-07,1.271329074370442e-05,4.000805347459391e-05,0.00028869189554825425,2.7553071049624123e-05,-5.165767902326479e-07,-7.159179915561253e-10,-3.024228220280256e-12,2.573426471919049e-10,5.050962981201224e-10,8.810696061622991e-10,3.3922726849766605e-09,6.795635698608748e-08,6.6558016875717385e-09
TC_2025_2025240N15117,B,Weak Tropical Cyclones / Depressions,TC,b7ca784c57a2064f233edaae13fdb24770158cc2c2c86a18084c23c8ebab0e3b,0.005516384728252888,0.49430620670318604,1.1513859033584595,2.726701021194458,3.94437837600708,6.513009071350098,10.116219520568848,13.694090843200684,3.2515172958374023,-0.00017757854948285967,-4.2358973587397486e-05,-1.0530110557738226e-05,-6.791946702833229e-07,2.357616750714442e-07,1.016506848827703e-05,4.136053394176997e-05,0.0003720924723893404,3.0513303499901667e-05,-0.00022625656856689602,-3.823101724265143e-05,-1.3835068784828763e-05,-8.497513022120984e-07,-1.6387111827498302e-06,1.1190374607394915e-05,3.4303735446883366e-05,0.00011962623830186203,2.34104081755504e-05,-0.0002128027699654922,-4.18205454479903e-05,-1.2546720427053515e-05,-8.886224378557017e-08,-6.321974410639086e-07,1.1992222425760701e-05,3.666496922960505e-05,0.00023612056975252926,2.681183468666859e-05,-0.00021305873815435916,-3.886309059453197e-05,-1.529893052065745e-05,-1.3896000155000365e-06,-6.738974320796842e-07,1.2644694834307302e-05,4.112444366910495e-05,0.00021359376842156053,2.7326452254783362e-05,-1.1699561497380273e-07,-1.1034604341375598e-09,1.688189171789034e-11,2.7732652285727966e-10,5.353459342494205e-10,8.357556313676184e-10,3.2880493883169493e-09,6.715357869779837e-08,3.8426692938742235e-09
TC_2025_2025248N18120,B,Weak Tropical Cyclones / Depressions,TC,828d723571598fcb7377e31d1af8ff9bfd5b2bf116485622126f058cdaa6b3d1,0.010528011247515678,0.5367845296859741,1.2340501546859741,3.0637078285217285,3.5476677417755127,5.249882698059082,8.742380142211914,12.915401458740234,2.6947996616363525,-0.0001652274077059701,-3.103742710663937e-05,-1.2660490938287694e-05,-3.0505284485116135e-06,-7.077084092088626e-07,7.867032763897441e-06,3.8395934097934514e-05,0.00033157356665469706,2.6073710614582524e-05,-0.00011738413741113618,-3.54953772330191e-05,-1.2531544598459732e-05,1.8743184782010758e-08,-7.208204806374852e-07,1.1442880349932238e-05,3.161555650876835e-05,0.00012909465294796973,2.0966159354429692e-05,-0.00013476221647579223,-3.698496220749803e-05,-1.3730157661484554e-05,-7.734702762718371e-07,-5.249733590062533e-07,1.1803034794866107e-05,3.682237729663029e-05,0.00015652251022402197,2.3578280888614245e-05,-0.00017323617066722363,-3.4997661714442074e-05,-1.2140093531343155e-05,3.683151419409114e-07,7.413714229187462e-07,1.3152057363186032e-05,3.771249976125546e-05,0.00015258580970112234,2.393348222540226e-05,-1.0152440665933682e-07,-9.040197479492917e-10,5.730775663043142e-12,2.586705016849322e-10,4.492329286343022e-10,8.000773932259619e-10,2.9717250882299595e-09,2.3960106787512814e-08,2.8692541675923167e-09
TC_2025_2025259N13126,B,Weak Tropical Cyclones / Depressions,TC,006ff45ec783273ea912637b15c9e461a531c61c630f9dc01da93fdaee1c1ca4,0.015794578939676285,0.7828795909881592,1.8608636856079102,3.379676103591919,4.078839302062988,5.8471360206604,9.243278503417969,16.766700744628906,2.780003786087036,-0.00018792580522131175,-3.984821159974672e-05,-1.209285983350128e-05,-1.3435685559670674e-06,1.3522193285098183e-06,1.1070064829254989e-05,4.890660056844354e-05,0.00035878398921340704,3.21143634209875e-05,-0.0002536571118980646,-4.714250462711789e-05,-1.286106817133259e-05,5.598097345682618e-07,-1.2911557405459462e-06,1.4139349332253914e-05,3.766164445551112e-05,0.00016161196981556714,2.8149166610091925e-05,-0.0002443186240270734,-4.5223623601486906e-05,-1.649517798796296e-05,-1.6074601489890483e-06,-6.862143777652818e-07,1.3493481674231589e-05,4.567416544887237e-05,0.00023109478934202343,2.9915328923380002e-05,-0.00017288661911152303,-4.8609101213514805e-05,-1.6961937944870442e-05,-7.580308647447964e-07,-1.1454576451797038e-06,1.3901656529924367e-05,4.491566869546659e-05,0.0002374458417762071,3.024191209988203e-05,-8.119479133483765e-08,-1.4856740282453984e-09,1.2546637340182798e-11,3.9496006465356004e-10,7.781223443359409e-10,1.2402869842276232e-09,4.9705701776758815e-09,5.655396506654142e-08,4.174336432072323e-09
TC_2025_2025260N13138,A,Strong Tropical Cyclones,TC,a3c60b49db6eb99c3fb9d3708db3a72762c90129c5f7a0f99b6450a44aa59504,0.025289485231041908,1.3291058540344238,3.2792811393737793,5.335235595703125,6.252175331115723,8.2935791015625,14.293061256408691,33.00217056274414,4.22634220123291,-0.000287941686110571,-4.563619222608395e-05,-1.1598872333706822e-05,-2.307204340468161e-06,1.2934482356286026e-06,1.26252007248695e-05,4.846531373914331e-05,0.0009903525933623314,4.45960795332212e-05,-0.0004311009543016553,-3.6122259189141914e-05,-1.2910590157844126e-05,-1.3886239003113587e-06,-2.5176082090183627e-06,9.740709174366202e-06,3.1268587918020785e-05,0.00018746392743196338,2.7579917514231056e-05,-0.0004056609177496284,-4.992616595700383e-05,-1.3878601748729125e-05,2.0372210656205425e-06,1.8260286083204846e-07,1.59383471327601e-05,4.476163303479552e-05,0.00038132938789203763,3.755688521778211e-05,-0.00031707872403785586,-4.8653531848685816e-05,-1.872614666353911e-05,-3.359013362569385e-06,-2.684690798560041e-06,1.1862663995998446e-05,4.5463784772437066e-05,0.00044704528409056365,3.667430792120285e-05,-9.642866416470497e-07,-1.4261856140507234e-09,1.902345468651756e-11,3.6664490887794443e-10,7.722820716260514e-10,1.1560642443342317e-09,5.317121853920526e-09,2.6023903387795144e-07,2.2688967149520067e-08
TC_2025_2025266N11137,B,Weak Tropical Cyclones / Depressions,TC,0c7464dccd8b1d521169885851783ce3f90d9fb32f5442ed50842e42d47eb66a,0.023940671235322952,0.898844301700592,2.7287940979003906,5.000463008880615,5.345524787902832,7.441375255584717,11.347105979919434,16.374561309814453,3.1803557872772217,-0.000244325929088518,-3.5006942198378965e-05,-1.0038726031780243e-05,-3.035929012185079e-06,-1.208692196996708e-06,5.744034751842264e-06,3.705916242324747e-05,0.0004356271820142865,2.994484020746313e-05,-0.00014688509691040963,-3.7305959267541766e-05,-1.1910100511158817e-05,-5.928231416874041e-07,-1.8928424196928972e-06,9.502726243226789e-06,2.9073871701257303e-05,0.00010252920765196905,2.0802952349185944e-05,-0.00016556170885451138,-3.8710371882189065e-05,-1.3228256648289971e-05,3.592392516793552e-08,1.779413310032396e-07,1.2943523870490026e-05,3.926377394236624e-05,0.0002770346181932837,2.6081030227942392e-05,-0.00019032043928746134,-4.3904670746997e-05,-1.5205823729047552e-05,-5.690159810001205e-07,-1.6073736333055422e-06,1.240119763679104e-05,3.923531767213717e-05,0.00022439376334659755,2.7278714696876705e-05,-1.7915735384121945e-07,-7.691915993035536e-10,5.7117706397935564e-11,3.366726064601977e-10,5.288094406807886e-10,9.657452615385864e-10,3.5792135921752788e-09,5.561634353057343e-08,4.870714498395046e-09
TC_2025_2025268N19306,A,Strong Tropical Cyclones,TC,abae394d153ea85810804c7aaa87c51a6c88044fa548137e51431df664240a22,0.009459280408918858,1.2023433446884155,3.3240554332733154,5.267881870269775,5.302665710449219,6.709476470947266,9.957927703857422,25.005733489990234,2.9228203296661377,-0.00016750412760302424,-2.814213621604722e-05,-1.3403711818682496e-05,-5.3289058996597305e-06,-1.3657302133651683e-06,3.577978532121051e-06,3.570135231711902e-05,0.0009125840733759105,3.304792335256934e-05,-0.00020699641027022153,-2.8638780349865556e-05,-6.743759513483383e-06,1.0764030093923793e-06,-5.856900884282368e-07,8.142956176016014e-06,2.2166936105350032e-05,9.303012484451756e-05,1.8078406355925836e-05,-0.00026801516651175916,-3.4112497814930975e-05,-1.1560457096493337e-05,-1.7640516034589382e-06,-1.0279561593051767e-06,8.617584171588533e-06,3.576287781470455e-05,0.00026287150103598833,2.6688072466640733e-05,-0.00024577637668699026,-3.952776387450285e-05,-9.52598020376172e-06,1.4226541225070832e-06,6.129452572167793e-07,1.2225085811223835e-05,3.6899691622238606e-05,0.0002594897523522377,2.7320509616401978e-05,-8.233922699218965e-07,-5.155539328782766e-10,-3.80257023785413e-12,1.5367697392409951e-10,3.6606531694793887e-10,6.981223932278624e-10,3.917312252355032e-09,6.236640359702506e-08,1.5569982636520763e-08
TC_2025_2025274N16087,D,Monsoon Low Pressure Systems,MONSOON,6c9a48426d9801f46f68b47c6dce15b6989ab746ca8c35a5c89b39ac2d6e0272,0.026471329852938652,0.6169314980506897,1.4174189567565918,2.7705166339874268,3.569617748260498,4.9322333335876465,9.150757789611816,15.726181983947754,2.7993123531341553,-0.00013371353270485997,-2.7059570129495114e-05,-9.078157745534554e-06,-2.236299451396917e-06,-5.619334046969016e-07,6.239432877919171e-06,2.841665263986215e-05,0.00028196341008879244,2.229443816759158e-05,-0.00015632850409019738,-3.928181831724942e-05,-1.0660638508852571e-05,5.751054459324223e-07,-4.7519887402813765e-07,1.1580271348066162e-05,3.397171894903295e-05,9.487524948781356e-05,2.2837137294118293e-05,-0.0001981265377253294,-3.2472227758262306e-05,-1.3243288776720874e-05,-2.0857360141235404e-06,-4.887290288024815e-07,1.0281391951139085e-05,3.762580672628246e-05,0.000198051129700616,2.2628002625424415e-05,-0.00016941565263550729,-3.660059519461356e-05,-1.339720984105952e-05,-1.4700257224831148e-06,-1.1669613968479098e-06,1.0005424883274827e-05,3.67631801054813e-05,0.00015865720342844725,2.323305670870468e-05,-7.883144803599862e-08,-4.036070921920043e-10,4.011632345757299e-11,2.782801211687058e-10,5.560442661867171e-10,8.067579937431901e-10,2.965331535875748e-09,3.755542010708268e-08,2.4898585415655816e-09
TC_2025_2025276N22067,D,Monsoon Low Pressure Systems,MONSOON,f2051bcb36df98872f827cfc6bd564f062ec283183f6c3a57f221ca20fe20e2f,0.05843907222151756,0.8749086856842041,2.2501165866851807,3.4612326622009277,4.174017429351807,5.749157905578613,9.055436134338379,19.82164192199707,2.711019992828369,-0.00017603611922822893,-3.352956991875544e-05,-1.1328591426718049e-05,-3.2671985081833554e-06,1.1216212669751258e-06,8.295966836158186e-06,5.020398020860739e-05,0.0007134802872315049,3.251250018365681e-05,-0.00038427216350100935,-5.158396379556507e-05,-1.0551850209594704e-05,2.2820706817583414e-06,-2.6001299602285144e-07,1.3692040738533251e-05,4.206909943604842e-05,0.00015022390289232135,2.9952243494335562e-05,-0.0002037594240391627,-4.653425276046619e-05,-1.321488798566861e-05,-6.719181442349509e-07,1.0028775250248145e-06,1.430422707926482e-05,5.246607543085702e-05,0.0003115479776170105,3.195854151272215e-05,-0.00033840100513771176,-4.727200575871393e-05,-1.2154816431575455e-05,3.8068529306656274e-07,-1.3545559340855107e-07,1.1750260455301031e-05,4.9294671043753624e-05,0.00020603266602847725,3.0901261197868735e-05,-4.783079248227295e-07,-1.0075018597177632e-09,3.903969161833665e-12,2.507095919757063e-10,9.189394245545657e-10,1.1875368466363057e-09,6.1075073887195686e-09,1.3211720784056524e-07,9.028566338997734e-09
TC_2025_2025281N38324,B,Weak Tropical Cyclones / Depressions,TC,4cfb7a608f6db59fd5a9e2e9360d3708e207f4171b1cf9d9945103dce3f601b0,0.06438053399324417,2.342155933380127,5.005967140197754,8.104055404663086,7.682736396789551,9.942962646484375,12.848690032958984,22.603431701660156,3.3500916957855225,-0.00037825957406312227,-3.125559305772185e-05,-1.742127278703265e-05,-5.80505775360507e-06,2.7466007850307506e-06,9.907698768074624e-06,7.262382860062644e-05,0.000696878123562783,4.8810295993462205e-05,-0.0003057166759390384,-4.2529896745691076e-05,-7.584907507407479e-06,1.3558692444348708e-06,-1.7405565131412004e-06,9.487792340223677e-06,2.5358778657391667e-05,0.00035454172757454216,3.195965109625831e-05,-0.00019915048324037343,-5.070762199466117e-05,-2.0051000319654122e-05,-3.4498445984354476e-06,-1.1383793889763183e-06,1.1353012268955354e-05,4.6532080887118354e-05,0.0005015837377868593,4.326452108216472e-05,-0.00032280106097459793,-4.0328475733986124e-05,-1.3626126929011662e-05,-1.3171144530588208e-07,1.9038105847357656e-06,1.1844153959827963e-05,4.405980871524662e-05,0.0005090502672828734,4.018090112367645e-05,-1.0403481809362347e-07,-6.779305450343998e-10,-3.267120601835316e-11,2.7708768612910717e-10,1.101254976099142e-09,9.43301659006579e-10,5.131360669707874e-09,2.5218946575478185e-07,7.191873763190415e-09
TC_2025_2025282N16261,B,Weak Tropical Cyclones / Depressions,TC,d0b41f9fc89b0f8fa29db021c5683a444ec2f547d36259a1c39dbc63e28edfb3,0.05777296796441078,0.8781618475914001,2.4822380542755127,4.482672214508057,4.585849761962891,6.148680210113525,9.50598430633545,13.860557556152344,2.6265034675598145,-0.00020137686806265265,-2.9696477213292383e-05,-8.946097295847721e-06,-8.213581281779625e-07,1.9000344764208421e-06,8.729633918846957e-06,4.4679669372271746e-05,0.0004901090869680047,2.7686332032317296e-05,-0.00024949171347543597,-3.6665274819824845e-05,-1.1465634997875895e-05,-5.133265190693237e-08,-1.2557371746879653e-06,9.94679703580914e-06,3.1999039492802694e-05,0.00016389995289500803,2.2841077225166373e-05,-0.00020157343533355743,-4.3372303480282426e-05,-9.672361557022668e-06,3.435366124904249e-06,9.883964366963482e-07,1.351470473309746e-05,3.8273476093309e-05,0.00015953589172568172,2.6402973162475973e-05,-0.000216379135963507,-3.658873538370244e-05,-9.95267055259319e-06,1.476420493418118e-06,6.093131332818302e-07,1.2027322554786224e-05,3.7057743611512706e-05,0.00020825426327064633,2.48705819103634e-05,-2.2917033959402033e-07,-7.024265613608804e-10,2.5553267835043414e-11,2.1867938015951438e-10,5.468678843101316e-10,7.250579581175032e-10,3.3888398753845195e-09,4.96546199713066e-08,4.155647825854203e-09
TC_2025_2025289N13140,B,Weak Tropical Cyclones / Depressions,TC,4a4052ed9eec3b8d7c1bd3f822868c1f700aa1b79f63d8056d1f5603cdcd4a86,0.07125572115182877,1.0195118188858032,2.4686076641082764,4.4231343269348145,5.1548848152160645,7.005626201629639,12.7965669631958,18.30762481689453,3.5007052421569824,-0.0002505263837520033,-4.787520447280258e-05,-9.002836122817826e-06,8.252363841165788e-07,5.62394689040957e-07,1.321955551247811e-05,4.661548518924974e-05,0.0003327060549054295,3.450628719292581e-05,-0.00023754261201247573,-3.959062451031059e-05,-1.2918644642923027e-05,-1.1010749858542113e-06,-2.480376679159235e-06,9.03296131582465e-06,3.2403528166469187e-05,0.0001119157241191715,2.353816853428725e-05,-0.00024269385903608054,-4.543390969047323e-05,-1.164387595053995e-05,-4.633644152818306e-07,-1.0524234284048362e-07,1.2557779882627074e-05,4.367118890513666e-05,0.000293948978651315,3.168291368638165e-05,-0.0001805471838451922,-4.206179073662497e-05,-1.3550358744396362e-05,-1.0659484814823372e-06,-7.535133477176714e-07,1.2978688573639374e-05,4.276289837434888e-05,0.00012850933126173913,2.760286588454619e-05,-1.0452276200112465e-07,-1.5506123052233534e-09,-5.984487536601912e-13,2.20704329811916e-10,5.753039711287045e-10,8.521057748289707e-10,4.189845803637127e-09,3.946855642311675e-08,3.3822908918068606e-09
TC_2025_2025294N14290,A,Strong Tropical Cyclones,TC,84bda7bd2d3fa2ba6e0b19b1142aa3a84a41eeca244dd6d1e69f15830fa74793,0.024100294336676598,0.7856479287147522,2.9699952602386475,6.2989349365234375,6.035508155822754,8.582984924316406,11.288241386413574,25.516889572143555,3.5784969329833984,-0.00019730358326341957,-3.491501774988137e-05,-1.0351414857723285e-05,-2.982005980811664e-06,1.7475911135989008e-06,8.822572453937028e-06,5.000978853786364e-05,0.0011452194303274155,3.7399102438939735e-05,-0.0003308393934275955,-4.211938721709885e-05,-1.2313812476349995e-05,-3.4096822787432757e-07,-2.217667088189046e-06,9.327532097813673e-06,3.4479598980396986e-05,0.00017288918024860322,2.6243875254294835e-05,-0.0003306195139884949,-4.720280412584543e-05,-1.2794247595593333e-05,-1.403364763064019e-06,-1.3299841157277115e-06,9.64010541792959e-06,4.222061761538498e-05,0.00047975359484553337,3.2197731343330815e-05,-0.0003358597168698907,-5.12037513544783e-05,-1.3556445992435329e-05,-4.443635361894849e-07,-6.619599730584014e-07,1.2961804713995662e-05,4.91744649480097e-05,0.00035737897269427776,3.319484312669374e-05,-1.2814153933504713e-06,-6.563871113307584e-10,1.0350198996478266e-11,2.471177706908634e-10,7.39051764231391e-10,1.0678331552327336e-09,5.463831609375802e-09,2.21780510401004e-07,1.7007861785600653e-08
TC_2025_2025297N13247,B,Weak Tropical Cyclones / Depressions,TC,dbec3410b2c2dfb8a3c21312b83d4a6c0f405e4c76181b336ad73f319a2d335a,0.14773787558078766,2.9405524730682373,4.889331340789795,6.228724479675293,6.107147693634033,7.265164852142334,8.83735466003418,14.581083297729492,1.856227993965149,-0.00016843053163029253,-1.741246524034068e-05,-9.659945135354064e-06,-4.506242021307116e-06,-1.2803693607565947e-06,1.4561195484930067e-06,2.2284339138423093e-05,0.00032100913813337684,2.217566543549765e-05,-0.0001924308598972857,-2.7488080377224833e-05,-6.358607151923934e-06,1.5983462162694195e-06,-2.044380664756318e-08,8.700344551471062e-06,2.2483702196041122e-05,0.0001027512043947354,1.8868237020797096e-05,-0.00019106657418888062,-2.170662810385693e-05,-5.395549578679493e-06,2.3426555344485678e-06,3.644332309704623e-06,1.0375588317401707e-05,3.49329347955063e-05,0.00022137195628602058,2.168196988350246e-05,-0.00023134627554100007,-2.790644248307217e-05,-6.4561709223198704e-06,2.5599949822208146e-06,1.1443081575635006e-06,1.0453816685185302e-05,2.7219773983233608e-05,0.0001108270589611493,2.0167844922980294e-05,-9.77952794301018e-08,-1.705187935296948e-10,8.629431370865692e-12,1.2541612193217588e-10,3.9804090579131923e-10,3.9544956198511727e-10,2.7291602311407814e-09,4.9750038755291826e-08,3.4853977481930087e-09
TC_2025_2025300N11086,D,Monsoon Low Pressure Systems,MONSOON,f866e3de1b1bc9aaf3202278e8415c167ff68d82e82220d5f9c87d9f45896fa1,0.03888978064060211,0.6942282915115356,1.9716171026229858,4.346440315246582,4.9340715408325195,7.2802629470825195,11.060105323791504,19.868417739868164,3.393449306488037,-0.00014578325499314815,-2.7542755560716614e-05,-1.0045501767308451e-05,-3.424503120186273e-06,6.052381991139555e-07,6.710696197842481e-06,3.551816553226672e-05,0.00037407304625958204,2.7612411940936e-05,-0.00022657134104520082,-3.7130645068828017e-05,-1.0247850696032401e-05,7.637446515218471e-07,-4.45240686985926e-07,1.0844219104910735e-05,3.292750989203341e-05,0.0001223536382894963,2.2564641767530702e-05,-0.00015999385504983366,-3.4030112146865577e-05,-1.2333065569691826e-05,-2.9327561605896335e-06,-6.670518928331148e-07,9.487017450737767e-06,3.861967707052827e-05,0.00020488245354499668,2.428681000310462e-05,-0.00021023630688432604,-3.808352994383313e-05,-1.3253294127935078e-05,9.236104574483761e-07,4.183051061090737e-08,1.136317314376356e-05,3.947579170926474e-05,0.00022123569215182215,2.549686178099364e-05,-1.3971845191917964e-07,-5.927821011830758e-10,2.3196966916771977e-11,2.5282909099644257e-10,4.775742579177233e-10,8.16016310078993e-10,3.5473191051238473e-09,5.2140652684329325e-08,4.7741028907921645e-09
TC_2025_2025305N08140,B,Weak Tropical Cyclones / Depressions,TC,4803c6a79eca17cabe5ce051bce6a11ca573f37a59a77501a1f662143a56e48a,0.0060078757815063,0.789395809173584,2.4737305641174316,4.8331451416015625,4.89909553527832,7.219313144683838,9.19139575958252,14.963099479675293,2.765866279602051,-0.00010063631634693593,-2.2648537196801044e-05,-9.163355571217835e-06,-1.5445547205672483e-06,8.276492735603824e-07,7.413191724481294e-06,3.278217991464771e-05,0.0004950672737322748,2.19769590330543e-05,-0.0003340922121424228,-3.02470270980848e-05,-1.014605732052587e-05,-3.421550616167224e-07,-1.2897667147626635e-06,8.409230758843478e-06,2.5923394787241705e-05,8.826654811855406e-05,1.8947514035971835e-05,-0.00028561739600263536,-2.966116699099075e-05,-1.2247012818988878e-05,-1.8371949863649206e-06,-6.608288458664902e-07,9.690946171758696e-06,3.2539253879804164e-05,0.00013653126370627433,2.1969237423036247e-05,-0.00019202707335352898,-3.259743607486598e-05,-9.93355115497252e-06,2.0209645299473777e-06,6.847114377706021e-07,1.195595814351691e-05,3.0542727472493425e-05,0.00016358950233552605,2.058623249467928e-05,-1.8766168352613022e-07,-4.487237803552091e-10,2.5410507031864427e-11,2.2370910679470057e-10,4.236740402951966e-10,6.236778316015545e-10,2.4305868429053135e-09,3.482088928308258e-08,3.1236573327930728e-09
TC_2025_2025308N09144,B,Weak Tropical Cyclones / Depressions,TC,4a40fe4d52b27240273e446a83356fbeb11900a30d0a3b305cbef791f104d246,0.033817585557699203,1.0175979137420654,3.3514673709869385,5.798007488250732,5.926276206970215,8.313939094543457,11.419198036193848,15.730513572692871,3.158475637435913,-8.794327004579827e-05,-2.1226334865787067e-05,-8.342844012076966e-06,-1.1964690429522307e-06,1.5145899396884488e-06,7.4274043981858995e-06,3.172642391291447e-05,0.00032695033587515354,2.0705478164018132e-05,-0.00011568453919608146,-3.1688701710663736e-05,-1.0058570296678226e-05,1.0626790469814296e-07,-1.1161586144226021e-06,9.014697752718348e-06,2.455840331094805e-05,7.483851368306205e-05,1.696860090305563e-05,-8.550158963771537e-05,-3.125034709228203e-05,-1.2069464901287574e-05,-1.1753718354157172e-06,-1.3960042224425706e-06,8.860234629537445e-06,2.7998772566206753e-05,0.0001282096200156957,1.8757491488941014e-05,-9.116291766986251e-05,-3.346611265442334e-05,-1.2021374459436629e-05,-8.863162292982452e-07,-3.3074513794417726e-07,1.1877107681357302e-05,3.310658212285489e-05,0.00012678265920840204,2.0451076125027612e-05,-1.0523805116235962e-07,-3.697979700234555e-10,3.446200269596744e-11,2.3165284968040822e-10,3.41137423864879e-10,6.581994949073078e-10,2.2126904752894916e-09,1.3153448108482735e-08,2.4551543020834288e-09
TC_2025_2025330N05099,D,Monsoon Low Pressure Systems,MONSOON,e0acf5f5689ad5ce258281455984febc2634c6fee8bee501f990ecdb164b41e0,0.03280322998762131,1.0423096418380737,2.817394971847534,4.797705173492432,5.221892833709717,6.931185245513916,11.341178894042969,16.214874267578125,3.117208242416382,-0.0002577560371719301,-4.009112672065385e-05,-1.2927437637699768e-05,-2.226758397227968e-06,-2.2856052055431064e-06,7.410035777866142e-06,3.74838818970602e-05,0.00020275193674024194,2.7861691705766134e-05,-0.0003112945123575628,-3.805312007898465e-05,-1.1561526662262622e-05,-7.380039050985943e-07,-1.935588670676225e-06,9.409671292814892e-06,3.270842717029154e-05,0.00018678547348827124,2.458292874507606e-05,-0.00018176180310547352,-4.11403743783012e-05,-9.06490004126681e-06,1.5117611837922595e-06,2.070124082820257e-06,1.5016358702268917e-05,4.3450472730910406e-05,0.00014296951121650636,2.627274443511851e-05,-0.00024800404207780957,-4.766765050590038e-05,-1.1944855941692367e-05,5.923815251662745e-07,-1.7333884443360148e-06,1.1840691513498314e-05,3.7688500015065074e-05,0.00013921281788498163,2.7851292543346062e-05,-3.098461220929494e-08,-8.279368302055445e-10,6.625168295915085e-12,2.1978485698070926e-10,6.91743717862181e-10,8.746538493475953e-10,4.074422577104997e-09,3.986690444435226e-08,2.554742195570725e-09
TC_2025_2025331N07081,D,Monsoon Low Pressure Systems,MONSOON,034f7c4956d160d8aa16598c96b37776c5f8e0c3674dc196354e3cd5502b0283,0.03863731771707535,1.123838186264038,2.240255832672119,3.8454883098602295,4.2460551261901855,5.982951641082764,8.493412971496582,14.463301658630371,2.391115665435791,-0.00023735774448141456,-2.3661212253500707e-05,-8.810180588625371e-06,-2.225084017482004e-06,4.62061507278122e-07,6.970230060687754e-06,3.020967596967239e-05,0.0003377058601472527,2.2924656150280498e-05,-0.000224685572902672,-3.586823368095793e-05,-9.098586815525778e-06,4.796114012606267e-07,-4.6817578436275653e-07,9.491944183537271e-06,3.237945566070266e-05,0.00014962982095312327,2.2386835553334095e-05,-0.00019817902648355812,-3.481210660538636e-05,-8.773708941589575e-06,5.974025043542497e-07,6.169449306980823e-07,1.1091578016930725e-05,3.49138026649598e-05,0.00017406434926670045,2.2894326320965774e-05,-0.00015882484149187803,-3.3802338293753564e-05,-1.0084266250487417e-05,1.051841877597326e-06,5.870823542863945e-07,1.0637793820933439e-05,3.425426621106453e-05,0.00018333249317947775,2.2324111341731623e-05,-1.0608722078586652e-07,-4.027947420048861e-10,2.142830531071116e-11,1.6600484875617383e-10,4.974881617769711e-10,6.264761487351223e-10,3.1231195407599444e-09,3.221947508791345e-08,3.1477742634677952e-09
TC_2026_2026005S10097,B,Weak Tropical Cyclones / Depressions,TC,a27d6f1f76ef8f356c65633e1e5012dfe1b81d22a2119d367e9fd80d6232102c,0.0782134160399437,2.8518762588500977,5.340392589569092,7.941011428833008,7.529346942901611,9.516351699829102,11.614660263061523,15.799749374389648,2.7298381328582764,-0.00019838940352201462,-3.0862556741340086e-05,-4.687977707362734e-06,3.46346314472612e-06,-1.1131635346828261e-06,8.939835424826015e-06,1.7218573702848516e-05,7.750575605314225e-05,2.120769931934774e-05,-0.0001539255172247067,-2.854185731848702e-05,-8.366399015358184e-06,9.069397037819726e-07,-4.831006208405597e-07,9.286736712965649e-06,2.176738234993536e-05,0.00010653550998540595,1.643803989281878e-05,-8.23394293547608e-05,-2.374994983256329e-05,-8.95642278919695e-06,-5.450701223708165e-07,8.662839263706701e-07,8.85022382135503e-06,2.992693225678522e-05,0.00019357797282282263,1.7468590158387087e-05,-0.0001399125758325681,-2.5234654458472505e-05,-8.567902114009485e-06,8.550039751753502e-07,2.7723965558834607e-06,1.1842394997074734e-05,3.945064599975012e-05,0.00010872095299419016,2.0498122466960922e-05,-3.790216496213361e-08,-2.355197148418142e-10,8.97864161492068e-12,1.5329804092800714e-10,2.827557632478772e-10,5.274121694931466e-10,2.104872276476044e-09,3.071667364906716e-08,2.043077040880803e-09
TC_2026_2026051S15076,A,Strong Tropical Cyclones,TC,c74820f6817d73c6455ba1c5453889f5c3a02f62eac557f3898c8a361778b306,0.037117283791303635,1.2241803407669067,3.2577879428863525,5.500777244567871,5.566275596618652,7.346177101135254,10.555826187133789,23.318622589111328,2.9989593029022217,-0.0009322124533355236,-2.4587727239122614e-05,-5.414332918007858e-06,3.1483116345043527e-06,-6.37320454188739e-07,1.0122957974090241e-05,2.1666306565748528e-05,0.00015305026317946613,3.113724596914835e-05,-0.0003581119526643306,-2.244977622467559e-05,-6.634588316956069e-06,9.920573802446597e-07,-4.846147021453362e-07,7.626618753420189e-06,1.889218037831597e-05,6.678781210212037e-05,1.6762331142672338e-05,-0.0002772973966784775,-2.2554049792233855e-05,-7.468312560376944e-06,9.382849164296658e-09,1.8634783600646188e-06,8.175835318979807e-06,3.252089663874358e-05,0.0003184703818988055,2.5367759008076973e-05,-0.0002420418313704431,-2.8262269552215002e-05,-8.442223588644993e-06,1.7955421753867995e-06,1.955994548552553e-06,1.2639530723390635e-05,3.1146486435318366e-05,0.00033022943534888327,2.3935532226460055e-05,-8.648747780171107e-07,-3.1296565339289373e-10,-1.3835432799425007e-11,1.526543752516929e-10,2.537972054739157e-10,5.335854535992723e-10,2.3518968994551415e-09,7.978282212661725e-08,1.4179067697739356e-08
TC_2026_2026099N09152,A,Strong Tropical Cyclones,TC,70cf4a70bb003c80bd440e6c35641f9d3dff99a459a4c26934ff572f67d5a9de,0.17308983206748962,3.2413487434387207,6.335081100463867,8.716029167175293,8.812045097351074,10.807740211486816,15.19231128692627,26.836275100708008,3.691541910171509,-0.00016185907588806003,-2.004125235544052e-05,-7.049727628327673e-06,1.8703916566664702e-06,3.5215985008107964e-06,9.71283770923037e-06,2.776951987470966e-05,0.0008645652560517192,3.194266901118681e-05,-0.00030110793886706233,-2.8470216420828365e-05,-8.351467840839177e-06,7.65920958656352e-07,-1.0586538792267675e-06,8.530393643013667e-06,2.1640174963977188e-05,0.00015486121992580593,2.0550663975882344e-05,-0.0002066406887024641,-3.719580854522064e-05,-1.3707603102375288e-05,-3.0916532978153555e-06,-2.4543157906009583e-06,8.808410711935721e-06,3.14302888000384e-05,0.0003160666092298925,2.6215082471026108e-05,-0.0002678959281183779,-3.5570123145589605e-05,-1.195723052660469e-05,-1.3842036139521952e-07,-6.438738751057826e-07,1.1219358384551015e-05,3.1879539164947346e-05,0.00024493635282851756,2.7313042664900422e-05,-7.421310215249832e-07,-1.9792198435730768e-10,5.643814582345641e-11,2.5213536813950554e-10,4.069353187752256e-10,6.962834198098733e-10,3.669326398281214e-09,5.973348038423865e-08,1.5072243897407134e-08
TC_2026_2026152N08237,B,Weak Tropical Cyclones / Depressions,TC,765c7547e699b08041ad99851defd80d10570716c5864fccc45bae06a6ea7979,0.0603761300444603,2.0440430641174316,3.6831676959991455,5.296639442443848,5.489495754241943,7.506628036499023,8.812213897705078,11.988085746765137,2.232989549636841,-8.166522457031533e-05,-1.1568557056307327e-05,-5.275296643958427e-06,-1.3145373713996378e-06,5.065138566351379e-07,3.6508561152004404e-06,1.5425330275320448e-05,0.0002972713846247643,1.426540893589845e-05,-9.570567635819316e-05,-2.381820922892075e-05,-6.479235707956832e-06,1.2828147646359866e-06,8.63990265997927e-08,8.0302961578127e-06,1.970321682165377e-05,0.0001245714956894517,1.3768929420621134e-05,-9.658756607677788e-05,-1.4488635315501597e-05,-2.74504350272764e-06,4.34807861893205e-06,4.552077371045016e-06,1.1179212378920056e-05,2.4984155970741995e-05,0.00012113509728806093,1.3620047866425011e-05,-0.00011632320820353925,-2.2723101210431196e-05,-6.034820216882508e-06,9.39949018174957e-07,4.953942038810055e-07,7.9924893725547e-06,2.227447839686647e-05,0.00013782214955426753,1.5103338228072971e-05,-8.735040069041133e-08,-6.950016950835192e-11,2.6415271012214525e-11,1.2125034309917737e-10,2.3082490085979401e-10,3.33874650149113e-10,1.2253131842498988e-09,2.0797463307076214e-08,2.3284272288037755e-09
TC_2026_2026157N14255,B,Weak Tropical Cyclones / Depressions,TC,ede3327dc7614928efbf45ce47e0da8ebd011d83d5741a84544bd37d32e46505,0.03681614249944687,0.8907217383384705,2.712975025177002,4.9594573974609375,4.872280597686768,6.926874160766602,8.893231391906738,16.459505081176758,2.5563454627990723,-0.00019793387036770582,-2.617118661873974e-05,-1.2840711860917509e-05,-6.0637134993157815e-06,-2.278330697436104e-07,5.942451025475748e-06,4.528052159002982e-05,0.0005667661898769438,2.6861223886953667e-05,-0.0002928451867774129,-4.194918437860906e-05,-1.1483411981316749e-05,-1.863321017481212e-07,-1.626140829102951e-06,1.0714951713453047e-05,3.196737088728696e-05,0.00017221544112544507,2.4915590984164737e-05,-0.00024287575797643512,-4.352144242147915e-05,-1.1011637980118394e-05,1.9349573676663567e-07,-7.245967594826652e-07,1.2007598343188874e-05,3.756988007808104e-05,0.000259445485426113,2.6287403670721687e-05,-0.00028275532531552017,-4.1605668229749426e-05,-8.074522156675812e-06,2.703669451875612e-06,1.1641249102467555e-06,1.3233471690909937e-05,3.690206722239964e-05,0.00017062136612366885,2.503247196727898e-05,-2.888116625854309e-07,-6.768090532460747e-10,-1.8783570185365583e-11,1.8164482418203676e-10,5.97955240877468e-10,7.075786623289559e-10,3.976617257706039e-09,6.633353422103028e-08,4.238648987353599e-09
TC_2026_2026158N10271,B,Weak Tropical Cyclones / Depressions,TC,c43fed2af6bb41538c307191217889c7c6ce62c78d69e0f89c5d9306ca2f3e4d,0.007481631822884083,0.7229030132293701,2.225311756134033,4.657958507537842,4.645909786224365,6.824917316436768,9.069772720336914,11.99057674407959,2.6732635498046875,-0.00011124988668598235,-2.5381294108228758e-05,-1.105234150600154e-05,-3.8120413137221476e-06,-5.10909217155131e-07,5.479671017383225e-06,3.804443986155093e-05,0.00037333127693273127,2.1823301722179167e-05,-0.0002035157522186637,-3.020510121132247e-05,-1.0417019439046271e-05,-5.662844841936021e-07,-1.2714948525172076e-06,8.886298928700853e-06,2.642398794705514e-05,0.00011398029892006889,1.8660843124962412e-05,-0.00017113276408053935,-3.4091008274117485e-05,-9.694828804640565e-06,7.973100650815468e-07,-5.850128559359291e-08,1.0501625183678698e-05,3.060262315557338e-05,0.00013425016368273646,2.049449540209025e-05,-0.0001877232571132481,-3.44073778251186e-05,-1.079221965483157e-05,9.128556825999112e-07,-5.797634230475524e-07,1.0236268281005323e-05,2.9203032681834884e-05,0.00018702536181081086,2.0856023184023798e-05,-1.2319370057412016e-07,-6.122370943550948e-10,-2.16857413103122e-12,1.5335561986962176e-10,3.7882003089961813e-10,5.526114010834249e-10,2.2450661329997956e-09,3.5508428197772446e-08,2.2408492839076644e-09
TC_2026_2026166N24260,B,Weak Tropical Cyclones / Depressions,TC,42d8782f812992986a6fae10c5ae62f7695371c8b644ae729bf3e6c6ee553198,0.0241928081959486,0.8713672161102295,2.0126075744628906,3.2443089485168457,4.221467971801758,6.275412082672119,9.578986167907715,14.525599479675293,2.843374013900757,-0.00012086240894859657,-3.245454718125984e-05,-1.3295114513312e-05,-3.651239012469887e-06,2.9389322975248433e-08,7.882094905653503e-06,4.875572267337702e-05,0.00038303621113300323,2.752085856627673e-05,-0.00021232278959359974,-5.000764940632507e-05,-1.1946158338105306e-05,9.578840263202437e-07,-5.119184152135858e-07,1.3469226360030007e-05,4.1850384150166065e-05,0.00014951427874621004,2.8287033273954876e-05,-0.0001569119922351092,-4.409421671880409e-05,-1.4649902368546464e-05,-7.000416530900111e-07,-4.816402565666067e-07,1.2658650121011306e-05,4.691787762567401e-05,0.00023117610544431955,2.813715946103912e-05,-0.0002693474816624075,-4.260470814188011e-05,-1.1369278581696562e-05,2.084426569126663e-06,1.4787691497986089e-06,1.4865844605083112e-05,4.638207974494435e-05,0.0002004436100833118,2.831591700669378e-05,-1.2843719332522596e-07,-8.207907686852423e-10,1.2281372099853805e-11,2.767417961457852e-10,8.385110383812844e-10,1.041179920058255e-09,4.961803412584231e-09,6.175026356913804e-08,3.569722739626968e-09
TC_2026_2026180N11238,B,Weak Tropical Cyclones / Depressions,TC,b9ef85d03d8cb7d1ba11f12a1070bac202c08005985566fdaf5559dcc299ebdc,0.11721999198198318,2.1035542488098145,5.067136764526367,6.733626842498779,6.5306901931762695,8.144999504089355,10.20656967163086,15.447988510131836,2.412264347076416,-0.00015865910972934216,-1.7270811440539546e-05,-9.643192242947407e-06,-4.6633822421426885e-06,-4.066002077252051e-07,1.8242424175696215e-06,3.123224450973794e-05,0.0003055580600630492,2.1950143491267227e-05,-0.000136186063173227,-2.6622892619343475e-05,-8.411359885940328e-06,-8.455653954797526e-09,-1.0108482229043148e-06,7.67783149058232e-06,2.215577296738047e-05,0.00010986590496031567,1.687333315203432e-05,-0.00012778432574123144,-2.4414228391833603e-05,-4.176482434559148e-06,3.643057880253764e-06,4.455989710550057e-06,1.2896329280920327e-05,3.4665808925637975e-05,0.00019671460904646665,2.0362167560961097e-05,-0.0001636553497519344,-2.680812576727476e-05,-6.279803528741468e-06,3.0911874091543723e-06,1.974208771571284e-06,1.0513575034565292e-05,2.7074027457274497e-05,0.00016562407836318016,1.9019846149603836e-05,-8.541329776790008e-08,-1.8342415086802788e-10,1.323867317853944e-11,1.3682889543620291e-10,3.181516439187959e-10,4.4377265751016637e-10,2.190072123653408e-09,3.1003839495724606e-08,2.926594744323552e-09
TC_2026_2026182N09163,A,Strong Tropical Cyclones,TC,dc35fcd2d82f19502ea376daf2deb561234f3f21f79921d157c6987ecb6801ee,0.14216309785842896,1.8983386754989624,5.026975154876709,7.612613677978516,7.960114002227783,10.423616409301758,15.020365715026855,31.764949798583984,4.159220218658447,-0.00019103642262052745,-2.5687399102025665e-05,-1.139604501076974e-05,-2.617233576529543e-06,-5.787951522506773e-07,6.701951406284934e-06,2.259589746245183e-05,0.0010547442361712456,3.5314653359819204e-05,-0.0003548579989001155,-2.768124068097677e-05,-8.001532478374429e-06,9.932168723025825e-07,-7.891941891102761e-07,8.95645916898502e-06,2.291210512339603e-05,0.000173716209246777,2.1011541321058758e-05,-0.00033202857594005764,-3.216715413145721e-05,-1.2439309102774132e-05,-1.8838203459381475e-06,-1.3462075685310992e-06,8.353958037332632e-06,3.288516745669767e-05,0.0003474501136224717,2.853787736967206e-05,-0.00036151110543869436,-3.78947879653424e-05,-1.4836250556982122e-05,9.961213436326943e-07,2.788354720451025e-07,1.595569119672291e-05,3.5675086110131815e-05,0.00029005788383074105,2.9927985451649874e-05,-1.1030176665371982e-06,-2.60304278132395e-10,6.788714729255574e-11,3.478896060116199e-10,4.6452522384221595e-10,8.526404582376301e-10,3.6699183691979442e-09,1.1448298664618051e-07,2.1916880754702106e-08
TC_2026_2026194N12265,B,Weak Tropical Cyclones / Depressions,TC,4a57dbc5d54f7f67b360e6ac5927b57d1a3e4f81a1747b5e54dc8f2a1f3c16f4,0.036588847637176514,1.0410112142562866,3.5256457328796387,5.838222026824951,5.419419288635254,7.2843122482299805,8.810880661010742,13.528669357299805,2.4982573986053467,-0.00020211706578265876,-2.6397654437460005e-05,-9.961694559024181e-06,-3.934251708415104e-06,-2.239215035615416e-07,6.041290362190921e-06,3.651249426184222e-05,0.00017895226483233273,2.2166799681144767e-05,-0.00019530538702383637,-3.832352740573697e-05,-1.1797596926044207e-05,-1.0731918109740946e-06,-2.5897900286508957e-06,9.088770639209542e-06,2.8649250452872366e-05,0.00014907174045220017,2.2569049178855494e-05,-0.00017201223818119615,-3.4261716791661456e-05,-7.698498848185409e-06,2.443396624585148e-06,1.6458558320664451e-06,1.2835873349104077e-05,3.489204027573578e-05,0.000152725784573704,2.231526013929397e-05,-0.00018775140051729977,-3.297439616289921e-05,-8.83732718648389e-06,1.935303089339868e-06,1.9160106603521854e-06,1.2216928553243633e-05,3.813923103734851e-05,0.00020858310745097697,2.2290701963356696e-05,-3.453100916317453e-08,-5.611279219053245e-10,1.0119797361207716e-11,1.8073249841155103e-10,5.098089728150512e-10,6.762280180261371e-10,2.9792426303743014e-09,4.756969929076149e-08,2.160869261302878e-09
TC_2026_2026198N08260,B,Weak Tropical Cyclones / Depressions,TC,68648b10e8009578c2e011fa85e9922df7025f32f6e102ae21bbe9df054bf596,0.03219999372959137,0.9650460481643677,4.221473693847656,5.957380771636963,6.122715950012207,8.122961044311523,10.662742614746094,20.944957733154297,3.0555055141448975,-0.00016176809731405228,-2.1083265892229974e-05,-1.0677814316295553e-05,-5.372538453229936e-06,-2.2283195733052708e-07,2.3405316369462525e-06,3.582690260373056e-05,0.0005579125136137009,2.9597436878248118e-05,-0.00029293878469616175,-3.2828011171659455e-05,-9.88725423667347e-06,3.406579196507664e-08,-2.1350206225179136e-06,8.042296940402593e-06,2.4294677132274956e-05,0.0001538181386422366,2.195224260503892e-05,-0.0003344972792547196,-3.467879650997929e-05,-8.520002666045912e-06,1.0362941793573555e-06,1.321668833043077e-06,1.1939022442675196e-05,3.7170375435380265e-05,0.0002347199770156294,2.501558446965646e-05,-0.00012987804075237364,-3.5568122257245705e-05,-8.080661245912779e-06,4.288865511625772e-06,3.031695769095677e-06,1.3523354937206022e-05,3.702596222865395e-05,0.00025834175175987184,2.494298132660333e-05,-2.926355762156163e-07,-3.557413252863739e-10,2.3753513045399188e-11,2.0800941524790062e-10,3.828117267623554e-10,7.879408236988183e-10,3.4218643474304145e-09,7.597943607606794e-08,7.198690088472404e-09
